Rk,Player,Pos,Age,Tm,G,GS,MP,FG,FGA,FG%,3P,3PA,3P%,2P,2PA,2P%,eFG%,FT,FTA,FT%,ORB,DRB,TRB,AST,STL,BLK,TOV,PF,PTS
1,Precious Achiuwa,C,23,TOR,12,0,20.4,3,7.7,0.391,0.4,2.3,0.179,2.6,5.3,0.484,0.418,2.3,2.8,0.848,2,5,7,1.3,0.2,0.6,1.3,1.6,8.8
2,Steven Adams,C,29,MEM,15,15,26,2.9,4.7,0.629,0,0,0,2.9,4.7,0.629,0.629,0.6,2.3,0.257,4.9,5.8,10.7,2.4,0.7,1.1,2.3,2.7,6.5
3,Bam Adebayo,C,25,MIA,14,14,35,7.4,14,0.531,0,0.4,0,7.4,13.6,0.545,0.531,4.2,4.9,0.855,2.4,6.7,9.1,3.4,1.2,0.8,3.6,3.4,19.1
4,Ochai Agbaji,SG,22,UTA,6,0,11.2,1.3,3.2,0.421,0,1,0,1.3,2.2,0.615,0.421,0.7,1.2,0.571,0.7,1,1.7,0.2,0,0,0,1,3.3
5,Santi Aldama,PF,22,MEM,16,14,27.3,3.8,8.1,0.465,1.3,3.8,0.344,2.4,4.3,0.574,0.547,1.2,1.8,0.679,1.8,4.5,6.3,0.9,0.9,1.1,0.6,2.7,10
6,Nickeil Alexander-Walker,SG,24,UTA,9,0,7.8,1,3,0.333,0.4,1.4,0.308,0.6,1.6,0.357,0.407,0.4,0.6,0.8,0,0.7,0.7,1.1,0.6,0.3,0.6,1.2,2.9
7,Grayson Allen,SG,27,MIL,13,11,25.5,2.9,7,0.418,1.8,4.4,0.421,1.1,2.6,0.412,0.549,2.2,2.3,0.933,0.8,1.9,2.8,2.4,0.8,0.3,1.5,1.5,9.8
8,Jarrett Allen,C,24,CLE,13,13,33.5,5.9,10.4,0.57,0,0.2,0,5.9,10.2,0.579,0.57,2.6,3.4,0.773,3.3,8.2,11.5,1.2,0.4,1.5,1.5,2.3,14.5
9,Jose Alvarado,PG,24,NOP,16,2,19.4,3.3,6.9,0.477,1.3,3.5,0.357,2.1,3.4,0.6,0.568,0.6,0.8,0.75,0.5,1.9,2.4,2.9,0.8,0.3,1.3,2.3,8.4
10,Kyle Anderson,PF,29,MIN,12,2,19.6,2.3,4.3,0.519,0.5,1.2,0.429,1.8,3.2,0.553,0.577,1.3,1.5,0.833,0.5,2.7,3.2,2.8,1,0.6,0.9,1.2,6.3
11,Giannis Antetokounmpo,PF,28,MIL,12,12,32.6,10.6,20.9,0.506,0.8,3.3,0.225,9.8,17.6,0.559,0.524,7.6,12.9,0.587,1.7,10.3,12,5.3,1,1.2,3.8,3.1,29.5
12,Thanasis Antetokounmpo,SF,30,MIL,8,0,2.6,0,0.1,0,0,0,0,0,0.1,0,0,0,0,0,0.3,0.6,0.9,0.3,0,0.1,0.3,0.3,0
13,Cole Anthony,PG,22,ORL,4,3,30.5,5.5,13.3,0.415,1.8,5,0.35,3.8,8.3,0.455,0.481,2.8,3.8,0.733,0.8,4,4.8,4.3,0.8,0.8,2,3.5,15.5
14,OG Anunoby,SF,25,TOR,17,17,36.3,7,14.8,0.474,1.6,4.9,0.333,5.4,9.8,0.545,0.53,3.1,3.7,0.841,1.4,4.8,6.2,2.1,2.5,0.9,2.5,3.3,18.8
15,Ryan Arcidiacono,PG,28,NYK,4,0,2,0,0.3,0,0,0.3,0,0,0,0,0,0,0,0,0,0.5,0.5,0.3,0.5,0,0,0.3,0
16,Deni Avdija,SF,22,WAS,16,13,22.4,2.4,6.3,0.39,0.9,2.6,0.341,1.6,3.7,0.424,0.46,1.2,1.5,0.792,0.8,3.6,4.3,2,0.6,0.6,1.4,3.1,6.9
17,Deandre Ayton,C,24,PHO,13,13,28.3,6.6,11.6,0.57,0.2,0.7,0.333,6.4,10.9,0.585,0.579,1.3,1.7,0.773,2.8,5,7.8,2.1,0.5,0.7,2.3,3.3,14.8
18,Udoka Azubuike,C,23,UTA,5,0,4,1,1.2,0.833,0,0,0,1,1.2,0.833,0.833,0,0,0,0.4,1.4,1.8,0.2,0.4,0.4,0.4,0.2,2
19,Marvin Bagley III,PF,23,DET,4,3,23,3.5,7.8,0.452,0.3,1.5,0.167,3.3,6.3,0.52,0.468,1.5,1.8,0.857,1.8,3.3,5,0.3,0.5,0.5,1,2.3,8.8
20,Patrick Baldwin Jr.,SF,20,GSW,2,0,2.5,0,0.5,0,0,0.5,0,0,0,0,0,0,0,0,0,0,0,0,0,0,0,0,0
21,LaMelo Ball,PG,21,CHO,3,3,32.7,7.3,17.7,0.415,3.3,10.7,0.313,4,7,0.571,0.509,1.3,1.7,0.8,0,3.7,3.7,7,1,0.3,3.7,2.7,19.3
22,Mo Bamba,C,24,ORL,16,2,17.7,3.1,6.4,0.476,1,2.9,0.34,2.1,3.5,0.589,0.553,1.1,1.6,0.654,1.4,3.4,4.8,1.1,0.3,0.8,0.8,2.3,8.2
23,Paolo Banchero,PF,20,ORL,11,11,34.6,8.1,17.5,0.461,1,3.9,0.256,7.1,13.6,0.52,0.49,6.4,8.3,0.769,0.8,7.5,8.3,3.6,0.7,0.9,3,2.4,23.5
24,Desmond Bane,SG,24,MEM,12,12,33.6,8.3,17.8,0.465,3.8,8.5,0.451,4.4,9.3,0.477,0.573,4.3,4.8,0.912,0.5,4.4,4.9,4.8,0.6,0.3,2.3,2.4,24.7
25,Dalano Banton,PG,23,TOR,15,2,11.2,2.3,5.5,0.427,0.8,2.5,0.324,1.5,3,0.511,0.5,0.9,1.1,0.875,0.5,0.9,1.3,1.1,0.6,0.7,0.7,1.1,6.4
26,Dominick Barlow,SF,19,SAS,2,0,8.5,1,2,0.5,0,1,0,1,1,1,0.5,2,2,1,0.5,0.5,1,1.5,0,0,0,1,4
27,Harrison Barnes,PF,30,SAC,14,14,30.9,3.6,8.1,0.439,0.9,3.4,0.255,2.7,4.8,0.567,0.491,3.6,4.4,0.836,1.1,4.4,5.5,2.1,0.9,0.2,1,1.4,11.6
28,Scottie Barnes,PF,21,TOR,16,16,33.5,6,13.7,0.438,1.4,3.9,0.355,4.6,9.8,0.471,0.489,1.3,1.7,0.741,1.9,4.8,6.8,5.2,0.9,0.8,2.3,1.6,14.6
29,RJ Barrett,SG,22,NYK,16,16,34.3,6.5,16.4,0.395,1.4,5.8,0.25,5.1,10.7,0.474,0.439,3.9,5.1,0.756,0.8,4.2,5,3,0.5,0.1,2.1,2.2,18.3
30,Will Barton,SG,32,WAS,16,0,22.4,3.1,8.1,0.38,1.3,3.7,0.339,1.8,4.4,0.414,0.457,0.9,0.9,0.933,0.4,2.8,3.2,2.3,0.5,0.3,1.1,1.2,8.3
31,Charles Bassey,C,22,SAS,8,0,17,2.5,4.1,0.606,0.3,0.8,0.333,2.3,3.4,0.667,0.636,0.9,1.3,0.7,2.4,4.5,6.9,1.6,0.5,1.4,2.1,2.8,6.1
32,Keita Bates-Diop,SF,27,SAS,16,5,16.4,3.2,6,0.531,0.4,1.4,0.318,2.8,4.6,0.595,0.568,1.1,1.4,0.818,1.4,1.6,3,0.7,0.6,0.1,0.9,0.6,7.9
33,Nicolas Batum,PF,34,LAC,17,1,17.9,1.6,3.6,0.443,1.1,2.7,0.413,0.5,0.9,0.533,0.598,0.5,0.8,0.615,0.8,3.2,3.9,1.2,0.4,0.8,0.9,2.3,4.8
34,Darius Bazley,PF,22,OKC,11,0,16.7,2.5,5.8,0.422,0.6,1.6,0.389,1.8,4.2,0.435,0.477,0.5,1,0.455,1.6,3.1,4.7,1.5,0.8,1.3,0.5,1.5,6
35,Bradley Beal,SG,29,WAS,11,11,36.5,8.4,16.4,0.511,1.8,4.8,0.377,6.5,11.5,0.567,0.567,3.8,4.1,0.933,0.7,2.9,3.6,5.9,0.9,0.7,2.9,1.9,22.4
36,Malik Beasley,SG,26,UTA,18,2,25.9,5,11.1,0.452,3.2,7.5,0.43,1.8,3.6,0.5,0.598,0.8,0.9,0.938,0.6,2.8,3.4,1.1,0.9,0.2,0.8,1.1,14.1
37,MarJon Beauchamp,SF,22,MIL,12,6,18.5,2.4,6.3,0.382,1,3.4,0.293,1.4,2.9,0.486,0.461,0.6,0.8,0.7,1.2,2.5,3.7,0.5,0.5,0.2,1.3,2,6.4
38,D?vis Bert?ns,PF,30,DAL,2,0,4,0.5,2.5,0.2,0.5,2,0.25,0,0.5,0,0.3,0,0,0,0,0.5,0.5,0,0,0,0,2,1.5
39,Patrick Beverley,PG,34,LAL,12,12,27.8,1.3,4.8,0.281,0.8,3.1,0.243,0.6,1.7,0.35,0.36,1.2,1.4,0.824,0.8,2.9,3.7,2.9,1,0.5,1.1,3.3,4.6
40,Saddiq Bey,SF,23,DET,17,16,31,4.6,11.2,0.408,1.6,5.5,0.29,3,5.8,0.52,0.479,3.9,4.3,0.918,1.2,3.6,4.8,1.6,0.8,0.2,1.4,1.8,14.7
41,Khem Birch,C,30,TOR,7,0,6.9,0.7,1.1,0.625,0.1,0.1,1,0.6,1,0.571,0.688,0.3,0.3,1,0.6,0.4,1,0.4,0.6,0.1,0.3,1.7,1.9
42,Goga Bitadze,C,23,IND,9,0,11.9,1.6,3,0.519,0.1,0.8,0.143,1.4,2.2,0.65,0.537,0.8,1.6,0.5,1.4,1.6,3,1.3,0.4,0.6,0.8,2.1,4
43,Bismack Biyombo,C,30,PHO,11,2,11.8,1.4,2.5,0.556,0,0,0,1.4,2.5,0.556,0.556,0.5,0.8,0.667,0.7,2.5,3.3,0.5,0.2,1.7,0.6,1.8,3.3
44,Buddy Boeheim,PG,23,DET,1,0,1,0,0,0,0,0,0,0,0,0,0,0,0,0,0,0,0,0,0,0,0,0,0
45,Bojan Bogdanovi?,PF,33,DET,17,17,31.6,6.8,13.5,0.502,2.6,6.3,0.411,4.2,7.2,0.582,0.598,4.4,5,0.871,0.5,3.2,3.6,2.4,0.5,0,2.1,1.9,20.5
46,Bol Bol,PF,23,ORL,17,12,25.6,5.4,8.6,0.619,0.8,1.9,0.438,4.5,6.8,0.67,0.667,1.8,2.1,0.833,1.6,6.5,8.2,0.6,0.2,2,1.9,1.6,13.3
47,Leandro Bolmaro,SG,22,UTA,3,0,7,0.7,2.3,0.286,0,0.7,0,0.7,1.7,0.4,0.286,0,0,0,0.3,0,0.3,0.7,0.7,0.3,0.7,1.3,1.3
48,Devin Booker,SG,26,PHO,15,15,37.1,9.9,20.5,0.481,2.3,6.3,0.362,7.6,14.3,0.533,0.536,6.1,6.8,0.892,0.9,3.9,4.8,6.1,1.1,0.6,2.6,2.5,28.1
49,Brandon Boston Jr.,SG,21,LAC,5,0,3.2,1,2,0.5,0.4,0.6,0.667,0.6,1.4,0.429,0.6,0.2,0.4,0.5,0.2,0.2,0.4,0,0,0,0,0.2,2.6
50,Chris Boucher,PF,30,TOR,13,0,22.5,4.3,8.4,0.514,1.2,3.3,0.349,3.2,5.1,0.621,0.583,2.5,3.5,0.717,2.2,3.6,5.8,0.7,0.9,0.9,1.1,3,12.3
51,James Bouknight,SG,22,CHO,17,0,16.9,2,5.9,0.337,0.7,3.1,0.226,1.3,2.8,0.458,0.396,0.6,0.9,0.625,0.2,1.9,2.2,1.4,0.4,0.2,0.9,1.6,5.3
52,Tony Bradley,C,25,CHI,5,0,2.4,0.2,0.4,0.5,0.2,0.4,0.5,0,0,0,0.75,0.4,0.4,1,0.2,1,1.2,0,0,0,0,0,1
53,Malaki Branham,SF,19,SAS,5,2,17.6,1.8,6,0.3,0.8,3.4,0.235,1,2.6,0.385,0.367,1,1.2,0.833,0.4,1.6,2,1.8,0.2,0,0.6,0.8,5.4
54,Christian Braun,SG,21,DEN,14,0,15.4,1.5,3.4,0.447,0.4,1.2,0.353,1.1,2.1,0.5,0.511,0.4,0.6,0.556,0.7,1.5,2.2,1.1,0.4,0.2,0.4,1.1,3.8
55,Mikal Bridges,SF,26,PHO,15,15,37.1,6,11,0.545,1.4,3.1,0.447,4.6,7.9,0.585,0.609,2.5,2.9,0.884,1.2,4.3,5.5,3.4,1.1,1.1,1.3,2.1,15.9
56,Oshae Brissett,SF,24,IND,10,0,12.4,1.4,3.3,0.424,0.8,2.1,0.381,0.6,1.2,0.5,0.545,0.5,0.6,0.833,0.5,1.2,1.7,0.3,0.3,0,0.5,0.8,4.1
57,Malcolm Brogdon,PG,30,BOS,12,0,22.6,4.5,9.9,0.454,1.3,3.6,0.349,3.3,6.3,0.513,0.517,2.8,3.2,0.868,0.9,2.9,3.8,3.6,0.6,0.2,1.9,1.3,13
58,Dillon Brooks,SG,27,MEM,13,13,30.3,6,15.5,0.388,2.2,6.2,0.35,3.8,9.3,0.413,0.458,1.7,2.4,0.71,0.5,2.9,3.4,2.3,0.7,0.2,1.4,3.2,15.8
59,Bruce Brown,PG,26,DEN,15,4,27.5,4.2,9,0.467,1.3,3.3,0.408,2.9,5.7,0.5,0.541,0.9,1.1,0.824,1.1,2.9,4.1,4.3,0.8,0.6,1.6,1.9,10.7
60,Greg Brown III,PF,21,POR,4,0,5.5,1.3,1.8,0.714,0,0,0,1.3,1.8,0.714,0.714,0,1.3,0,0,0.3,0.3,0,0.8,0.5,0.5,0.8,2.5
61,Jaylen Brown,SF,26,BOS,15,15,35.9,9.5,19.5,0.49,2.3,6.7,0.337,7.3,12.7,0.571,0.548,3.9,4.8,0.819,1,5.9,6.9,3.5,1.1,0.4,3.3,2.9,25.3
62,Moses Brown,C,23,LAC,10,0,4.7,1.4,1.7,0.824,0,0,0,1.4,1.7,0.824,0.824,0.6,1.1,0.545,0.6,1.1,1.7,0,0,0.4,0.1,1,3.4
63,Troy Brown Jr.,SF,23,LAL,12,10,26.7,3.7,8.1,0.454,1.3,3.8,0.333,2.4,4.3,0.558,0.531,0.8,0.8,1,0.8,4,4.8,0.8,0.8,0,0.8,2.2,9.3
64,Jalen Brunson,PG,26,NYK,16,16,32.7,7,14.7,0.477,1.2,4,0.297,5.8,10.7,0.544,0.517,4.4,4.9,0.897,0.4,3.3,3.7,6.8,1.3,0.1,1.8,2.4,19.6
65,Thomas Bryant,C,25,LAL,1,0,13,4,6,0.667,0,1,0,4,5,0.8,0.667,0,0,0,0,5,5,0,0,1,0,2,8
66,Reggie Bullock,SF,31,DAL,15,15,29.2,1.8,5.7,0.318,1.4,4.7,0.3,0.4,1,0.4,0.441,0.3,0.5,0.571,0.5,2.6,3.1,1.1,1,0.1,0.5,2.8,5.3
67,Alec Burks,SG,31,DET,4,0,21.3,4.3,8.8,0.486,2,4.5,0.444,2.3,4.3,0.529,0.6,4.8,6.3,0.76,0.3,2,2.3,2,0.8,0,0.8,2.8,15.3
68,Jimmy Butler,SF,33,MIA,13,13,35.7,6.5,13.5,0.483,0.8,2.4,0.355,5.7,11.2,0.51,0.514,7,7.8,0.901,2,4.6,6.6,6.1,1.8,0.2,1.7,1.6,20.9
69,John Butler,C,20,POR,1,0,9,1,2,0.5,0,1,0,1,1,1,0.5,0,0,0,0,1,1,0,0,1,0,0,2
70,Jamal Cain,SF,23,MIA,3,0,8.3,0.7,2,0.333,0.3,1.3,0.25,0.3,0.7,0.5,0.417,0.7,1.3,0.5,0.3,2,2.3,0.3,0.3,0,0,0.7,2.3
71,Kentavious Caldwell-Pope,SG,29,DEN,14,14,31.2,4.4,8.7,0.508,2.5,4.6,0.538,1.9,4.1,0.474,0.652,1,1.3,0.778,0.5,2.9,3.4,2.5,1.3,0.3,1.2,2.1,12.4
72,Facundo Campazzo,PG,31,DAL,5,0,8.6,0.4,2.2,0.182,0.4,1.8,0.222,0,0.4,0,0.273,0,0,0,0,0.4,0.4,1.6,1.2,0,0.6,0.4,1.2
73,Vlatko ?an?ar,PF,25,DEN,8,0,6,0.8,1.6,0.462,0.4,0.9,0.429,0.4,0.8,0.5,0.577,0.1,0.1,1,0,0.6,0.6,0.3,0.1,0,0.1,0.6,2
74,Clint Capela,C,28,ATL,16,16,27.2,5.3,8.4,0.622,0,0,0,5.3,8.4,0.622,0.622,1,1.9,0.533,4.4,7.4,11.8,0.7,0.6,1.5,1,1.9,11.5
75,Vernon Carey Jr.,C,21,WAS,2,0,1,0,0,0,0,0,0,0,0,0,0,0,0,0,0,0,0,0,0,0,0,0.5,0
76,Jevon Carter,PG,27,MIL,15,15,27.5,3.5,8.4,0.421,1.6,4.2,0.381,1.9,4.2,0.46,0.516,0.7,0.8,0.833,0.7,1.8,2.5,3.6,1.6,0.7,1.4,2.9,9.3
77,Wendell Carter Jr.,C,23,ORL,15,15,32.9,5.8,11.3,0.515,1.2,3.5,0.346,4.6,7.8,0.59,0.568,3.8,4.6,0.826,2.1,6.9,9.1,3.3,0.5,0.5,2.6,3.2,16.6
78,Alex Caruso,PG,28,CHI,16,5,25.3,1.6,4.3,0.382,0.9,2.4,0.359,0.8,1.8,0.414,0.485,0.9,1.3,0.75,0.6,2.5,3.1,3.8,1.4,0.9,1.7,2.2,5.1
79,Justin Champagnie,SF,21,TOR,2,0,4.5,1.5,1.5,1,0,0,0,1.5,1.5,1,1,0,0,0,0.5,1,1.5,0,0,0,0,0.5,3
80,Kennedy Chandler,PG,20,MEM,6,0,9.7,1,3.2,0.316,0.2,1,0.167,0.8,2.2,0.385,0.342,0.2,0.7,0.25,0.2,0.8,1,2,0.3,0.3,1,0.5,2.3
81,Max Christie,SG,19,LAL,8,0,11.5,1,2.1,0.471,0.8,1.4,0.545,0.3,0.8,0.333,0.647,0.4,0.5,0.75,0.1,2.5,2.6,0.5,0.4,0,0.3,0.5,3.1
82,Josh Christopher,SG,21,HOU,12,0,7.8,1.3,3.2,0.395,0.3,1.2,0.214,1,2,0.5,0.434,0.1,0.2,0.5,0.4,1,1.4,0.6,0.3,0,0.7,0.8,2.8
83,Brandon Clarke,PF,26,MEM,16,1,19.3,3.8,6.2,0.616,0.1,0.4,0.167,3.8,5.8,0.645,0.621,1.8,2.4,0.744,1.1,3.4,4.5,1.4,0.3,1,1.2,2.4,9.5
84,Jordan Clarkson,SG,30,UTA,18,18,30.8,6.8,15.9,0.427,2.9,7.8,0.376,3.8,8.1,0.476,0.519,2.1,2.5,0.844,1.3,2.6,3.9,4.6,0.3,0.4,2.6,1.8,18.6
85,Nic Claxton,C,23,BRK,16,16,26.8,5.3,7.4,0.712,0,0.1,0,5.3,7.3,0.718,0.712,1,2.6,0.381,2.6,5.7,8.3,1.3,0.8,1.8,1.4,2.8,11.5
86,Amir Coffey,SG,25,LAC,14,0,8.9,0.5,1.6,0.318,0.1,0.3,0.25,0.4,1.3,0.333,0.341,1.1,1.4,0.8,0.3,0.4,0.7,0.6,0.2,0.1,0.3,0.9,2.2
87,John Collins,PF,25,ATL,16,16,31.8,4.8,9.6,0.494,0.7,2.9,0.234,4.1,6.7,0.607,0.529,2.2,2.4,0.921,1.4,6.4,7.9,1.1,0.7,1.3,1.6,3.3,12.4
88,Zach Collins,PF,25,SAS,9,0,17.7,3.4,6.6,0.525,0.8,2,0.389,2.7,4.6,0.585,0.585,0.7,1,0.667,1.3,3.3,4.7,2.8,0.7,1.2,1.9,3,8.3
89,Mike Conley,PG,35,UTA,17,17,29.2,3.4,8.7,0.392,1.9,4.9,0.386,1.5,3.8,0.4,0.5,1.5,2,0.765,0.4,2,2.4,7.9,1.2,0.3,1.5,2.1,10.2
90,Robert Covington,PF,32,LAC,10,0,13.1,1.1,3,0.367,0.7,2.1,0.333,0.4,0.9,0.444,0.483,0.7,0.8,0.875,0.2,3,3.2,0.9,0.3,0.6,0.7,2,3.6
91,Torrey Craig,SF,32,PHO,15,7,21.3,2.7,5.5,0.494,1.3,3.1,0.426,1.4,2.4,0.583,0.614,0.4,0.6,0.667,1.8,2.9,4.7,1.5,0.7,0.5,0.7,2.2,7.2
92,Jarrett Culver,SG,23,ATL,2,0,1.5,0,0.5,0,0,0,0,0,0.5,0,0,0.5,1,0.5,0.5,0,0.5,0,0,0,0,0,0.5
93,Cade Cunningham,PG,21,DET,12,12,33.3,7.8,18.7,0.415,1.4,5.1,0.279,6.3,13.6,0.466,0.453,3,3.6,0.837,1,5.2,6.2,6,0.8,0.6,3.3,2.8,19.9
94,Seth Curry,SG,32,BRK,7,0,21.1,2.9,7.3,0.392,1.7,4.4,0.387,1.1,2.9,0.4,0.51,0.9,1,0.857,0.1,1.6,1.7,2,0.6,0.3,0.9,2,8.3
95,Stephen Curry,PG,34,GSW,15,15,34.6,10.9,20.6,0.528,5.1,11.6,0.443,5.7,9,0.637,0.652,5.3,5.9,0.909,0.6,6.1,6.7,6.6,1.1,0.1,2.7,2,32.2
96,Dyson Daniels,PG,19,NOP,8,0,12.6,1.3,2.6,0.476,0.5,1,0.5,0.8,1.6,0.462,0.571,0.6,1,0.625,0.6,2.8,3.4,1.1,0.5,0.5,0.4,1.3,3.6
97,Anthony Davis,C,29,LAL,13,13,34.5,9.7,17.7,0.548,0.3,1.3,0.235,9.4,16.4,0.573,0.557,5.6,7,0.802,3.5,8.1,11.5,2.5,1.3,2,1.8,3.1,25.3
98,Johnny Davis,SG,20,WAS,5,0,6,0.4,1.4,0.286,0,0.2,0,0.4,1.2,0.333,0.286,0.4,0.4,1,0.2,0.6,0.8,0.4,0,0,0.2,1.6,1.2
99,Terence Davis,SG,25,SAC,13,1,13.8,2.8,5.8,0.487,1.5,3.8,0.408,1.3,2.1,0.63,0.618,0.9,1.1,0.857,0.5,2.5,3,1.6,0.8,0.2,0.6,1.8,8.2
100,JD Davison,PG,20,BOS,2,0,3,0,1,0,0,1,0,0,0,0,0,0,0,0,0,0.5,0.5,0.5,0,0,0.5,0,0
101,Dewayne Dedmon,C,33,MIA,13,0,12.4,2.5,4.1,0.604,0.5,1.2,0.438,1.9,2.8,0.676,0.67,1.1,1.5,0.737,0.9,2.2,3.2,0.6,0.1,0.4,0.6,2,6.5
102,Matthew Dellavedova,PG,32,SAC,5,0,7.6,0.6,1.8,0.333,0.4,0.6,0.667,0.2,1.2,0.167,0.444,0,0,0,0.2,0.4,0.6,1.6,0.4,0,0.6,1,1.6
103,DeMar DeRozan,SF,33,CHI,16,16,34.2,8.8,16.8,0.524,0.3,1.4,0.217,8.5,15.4,0.553,0.533,7.3,8.2,0.885,0.4,3.5,3.9,4.3,1,0.4,2.1,2.6,25.2
104,Moussa Diabaté,PF,21,LAC,2,0,3,0.5,0.5,1,0,0,0,0.5,0.5,1,1,0.5,0.5,1,0,1,1,0.5,0.5,0,0,0,1.5
105,Mamadi Diakite,PF,26,CLE,4,0,3.3,0.8,1.5,0.5,0.3,0.8,0.333,0.5,0.8,0.667,0.583,0,0,0,0,0.8,0.8,0,0.3,0,0.3,0.5,1.8
106,Hamidou Diallo,SG,24,DET,17,0,14.5,2.2,5.1,0.437,0.1,0.6,0.1,2.2,4.5,0.481,0.443,1.6,2.5,0.667,1.1,1.8,2.8,0.8,0.5,0.2,0.7,2.1,6.2
107,Gorgui Dieng,C,33,SAS,8,0,9.4,1.3,3,0.417,0.8,2.4,0.316,0.5,0.6,0.8,0.542,0.4,0.5,0.75,0.8,1.5,2.3,1.6,0.1,0.6,0.9,1.4,3.6
108,Ousmane Dieng,SF,19,OKC,9,0,15,1.3,4,0.333,0.6,2.4,0.227,0.8,1.6,0.5,0.403,0.1,0.2,0.5,0.3,1.9,2.2,1.7,0.1,0.2,0.3,0.6,3.3
109,Spencer Dinwiddie,PG,29,DAL,15,15,33.1,6.3,13.6,0.466,3,7,0.429,3.3,6.6,0.505,0.576,1.8,2.2,0.818,0.3,2.9,3.3,4.9,1.3,0.1,1.5,2.2,17.5
110,Donte DiVincenzo,SG,26,GSW,8,0,16.1,1.5,3.8,0.4,1,2.8,0.364,0.5,1,0.5,0.533,0.6,0.8,0.833,0.1,1.8,1.9,1.6,0.4,0,1.5,1.6,4.6
111,Luka Don?i?,PG,23,DAL,14,14,37,11.6,23.3,0.497,2.3,7.9,0.291,9.3,15.4,0.602,0.546,8.9,11.5,0.77,1.1,8,9.1,8.1,2,0.6,3.1,3.1,34.3
112,Tyler Dorsey,SG,26,DAL,1,0,4,4,4,1,1,1,1,3,3,1,1.125,0,0,0,1,1,2,0,0,0,0,0,9
113,Luguentz Dort,SG,23,OKC,16,16,30.6,4.8,12.3,0.393,1.5,5.4,0.276,3.3,6.8,0.486,0.454,2.4,3.3,0.75,1.5,2.9,4.4,2.3,1.3,0.3,1.1,3.4,13.6
114,Ayo Dosunmu,PG,23,CHI,15,15,29.7,4.6,9.2,0.5,1.3,3.7,0.339,3.3,5.5,0.61,0.569,0.8,0.9,0.923,0.5,3.1,3.5,3,0.9,0.5,1.7,2.4,11.3
115,Jeff Dowtin,PG,25,TOR,4,0,6.8,1,1.8,0.571,0,0.3,0,1,1.5,0.667,0.571,0,0,0,0.5,0.8,1.3,1,0,0.3,0.3,0.5,2
116,Goran Dragi?,PG,36,CHI,16,0,19.2,3.5,7.8,0.448,1.4,3.1,0.44,2.1,4.7,0.453,0.536,0.9,1.3,0.667,0.5,1.4,1.9,3.8,0.3,0.2,1.4,1.4,9.3
117,Andre Drummond,C,29,CHI,10,0,16.4,3.6,6.4,0.563,0,0.2,0,3.6,6.2,0.581,0.563,1.2,1.7,0.706,3.1,5.6,8.7,0.8,0.7,0.3,1.6,2.4,8.4
118,Chris Duarte,SF,25,IND,9,5,19.7,3.1,7.9,0.394,1.4,4.2,0.342,1.7,3.7,0.455,0.486,1.2,1.3,0.917,0.4,1.7,2.1,1,0.1,0.4,0.9,1.8,8.9
119,David Duke Jr.,SG,23,BRK,9,0,10.1,1.7,3.3,0.5,0,0.4,0,1.7,2.9,0.577,0.5,0.3,0.3,1,0.4,0.7,1.1,0.7,0.4,0.1,1,1.9,3.7
120,Kevin Durant,PF,34,BRK,16,16,36.8,10.3,19.4,0.529,1.6,4.5,0.347,8.7,14.9,0.584,0.569,8.6,9.4,0.913,0.4,6.2,6.6,5.2,0.8,1.8,3.3,2.6,30.6
121,Jalen Duren,C,19,DET,14,0,21.5,2.9,5,0.571,0,0.1,0,2.9,4.9,0.58,0.571,1,2.4,0.424,2.9,4.5,7.4,0.3,0.4,1.1,1.1,2.2,6.7
122,Tari Eason,PF,21,HOU,16,0,18.1,3.1,7.3,0.419,0.8,1.9,0.4,2.3,5.4,0.425,0.47,1.2,1.4,0.826,2.1,2.9,5,1,1.4,0.5,0.9,2.3,8.1
123,Anthony Edwards,SG,21,MIN,16,16,36.2,8.1,17.8,0.458,2.6,7.5,0.35,5.5,10.3,0.537,0.532,3.2,4.6,0.699,0.4,5.3,5.8,3.9,1.1,0.3,3.1,2.9,22.1
124,Kessler Edwards,SF,22,BRK,7,0,4,0.4,1.3,0.333,0.3,0.9,0.333,0.1,0.4,0.333,0.444,0.1,0.3,0.5,0.3,0.4,0.7,0.3,0.3,0.1,0,0.1,1.3
125,Keon Ellis,SG,23,SAC,1,0,2,0,0,0,0,0,0,0,0,0,0,0,0,0,0,0,0,0,0,0,0,1,0
126,Joel Embiid,C,28,PHI,12,12,35.4,10.5,20.2,0.521,1.1,4,0.271,9.4,16.2,0.582,0.548,10.2,12.2,0.836,1.5,8.6,10.1,4.6,0.8,1.8,4.4,3.3,32.3
127,Drew Eubanks,C,25,POR,16,3,18.7,2.5,3.5,0.714,0,0,0,2.5,3.5,0.714,0.714,1,1.4,0.696,1.6,2.7,4.3,0.8,0.5,0.9,0.9,2,6
128,Bruno Fernando,C,24,HOU,2,2,18.5,2.5,3,0.833,0,0,0,2.5,3,0.833,0.833,0.5,1,0.5,2.5,4,6.5,4.5,0.5,1,0.5,1.5,5.5
129,Dorian Finney-Smith,PF,29,DAL,15,15,33,3.3,7.8,0.419,1.8,5.3,0.338,1.5,2.5,0.595,0.534,0.6,0.9,0.692,1.3,2.9,4.2,0.7,0.9,0.5,1,2,8.9
130,Malachi Flynn,PG,24,TOR,10,0,12.3,2.5,5.3,0.472,1.4,2.9,0.483,1.1,2.4,0.458,0.604,1,1.1,0.909,0.2,1.4,1.6,1.2,0.5,0.1,0.6,1.9,7.4
131,Simone Fontecchio,SF,27,UTA,10,0,7,1.1,2.8,0.393,0.8,2.1,0.381,0.3,0.7,0.429,0.536,0.1,0.2,0.5,0.4,0.7,1.1,0.3,0.2,0.2,0.4,0.7,3.1
132,Bryn Forbes,SG,29,MIN,8,0,10.9,1.1,3.6,0.31,0.5,1.8,0.286,0.6,1.9,0.333,0.379,0.5,0.5,1,0.4,0.3,0.6,1,0.9,0,0.4,0.6,3.3
133,Trent Forrest,PG,24,ATL,5,0,3.8,0,0.6,0,0,0,0,0,0.6,0,0,0,0,0,0,0.4,0.4,1,0,0,0,0.2,0
134,Evan Fournier,SG,30,NYK,13,7,20,2.4,6.9,0.344,1.5,4.4,0.333,0.9,2.5,0.364,0.45,0.7,0.8,0.818,0.2,1.9,2.1,1.7,0.7,0.2,1.1,2.2,6.9
135,De'Aaron Fox,PG,25,SAC,13,13,31.9,9.5,17.2,0.554,1.8,4.9,0.375,7.7,12.3,0.625,0.607,3.9,4.8,0.823,0.5,4.3,4.8,6.4,1.2,0.5,2.8,2.8,24.8
136,Wenyen Gabriel,PF,25,LAL,12,2,13.8,2.3,3.3,0.675,0.1,0.4,0.2,2.2,2.9,0.743,0.688,1,1.3,0.8,0.8,2.1,2.9,0.7,0.7,0.5,0.8,2,5.6
137,Daniel Gafford,C,24,WAS,16,0,13.5,2.1,2.8,0.733,0,0,0,2.1,2.8,0.733,0.733,1.1,1.8,0.621,1.3,2.3,3.5,0.5,0.3,0.9,1.1,1.7,5.3
138,Darius Garland,PG,23,CLE,9,9,36.1,8,18.7,0.429,3.3,7.9,0.423,4.7,10.8,0.433,0.518,4.2,5.4,0.776,0.4,1.9,2.3,7.8,1.8,0.3,3.4,2.7,23.6
139,Usman Garuba,PF,20,HOU,14,1,16,1.8,2.9,0.61,0.4,0.5,0.857,1.4,2.4,0.559,0.683,0.4,0.9,0.462,2,3.6,5.6,1.2,0.9,0.8,1,1.9,4.4
140,Rudy Gay,SF,36,UTA,12,0,15.8,1.8,4.8,0.362,0.8,2.8,0.265,1,2,0.5,0.44,0.3,0.5,0.5,0.5,2.9,3.4,0.8,0.4,0.5,0.8,1.3,4.5
141,Paul George,SF,32,LAC,16,16,34.3,8.3,18,0.458,2.8,7.6,0.372,5.4,10.4,0.521,0.536,4.3,5.1,0.852,0.5,5.5,6,4.3,1.6,0.4,3.6,2.7,23.6
142,Taj Gibson,PF,37,WAS,7,0,6.1,0.7,1.9,0.385,0.1,0.6,0.25,0.6,1.3,0.444,0.423,0.6,0.6,1,0.7,1.3,2,0.6,0.3,0.3,0.3,1,2.1
143,Josh Giddey,SG,20,OKC,13,13,30,6.5,14.2,0.462,1,3.5,0.289,5.5,10.7,0.518,0.497,0.8,1.2,0.688,1.3,5.8,7.1,5.7,0.4,0.5,3.5,2.5,14.9
144,Shai Gilgeous-Alexander,SG,24,OKC,15,15,35.7,11.4,21.3,0.534,1.2,2.9,0.409,10.2,18.4,0.554,0.563,7.1,7.9,0.907,0.9,3.7,4.6,5.9,1.8,1.4,3.2,2.5,31.1
145,Anthony Gill,PF,30,WAS,13,4,13.3,1.6,2.8,0.568,0.2,0.7,0.222,1.5,2.2,0.679,0.595,0.5,0.5,1,0.8,1.1,1.8,0.7,0.2,0.1,0.2,1.6,3.8
146,Rudy Gobert,C,30,MIN,14,14,32,5,8.1,0.619,0,0.1,0,5,7.9,0.631,0.619,3.7,5.4,0.693,4.1,8.5,12.6,1,0.7,1.4,1.4,3,13.7
147,Jordan Goodwin,PG,24,WAS,9,0,19,2.7,4.8,0.558,0.9,1.7,0.533,1.8,3.1,0.571,0.651,0.3,0.4,0.75,1.3,2.8,4.1,2.9,0.7,0.9,0.9,1.7,6.6
148,Aaron Gordon,PF,27,DEN,13,13,29,5.5,9.6,0.576,0.8,2.7,0.314,4.7,6.9,0.678,0.62,2.5,4.1,0.623,2.2,4.6,6.8,2.5,0.5,0.8,1.2,1.5,14.5
149,Eric Gordon,SG,34,HOU,14,14,30.6,4.4,9.9,0.442,1.7,5.1,0.338,2.6,4.8,0.552,0.529,2.4,2.8,0.872,0.3,2,2.3,2.9,0.7,0.5,1.9,0.9,12.9
150,Devonte' Graham,PG,27,NOP,16,0,14.9,1.4,3.7,0.39,1.3,3,0.417,0.2,0.7,0.273,0.559,0.5,0.8,0.667,0.1,0.9,1.1,2.1,0.4,0.2,0.4,0.7,4.6
151,Jerami Grant,PF,28,POR,15,15,36,6.5,13.6,0.48,2.7,5.5,0.482,3.9,8.1,0.479,0.578,4,5.3,0.75,0.9,3.9,4.7,2.5,0.8,0.9,2,2.1,19.7
152,A.J. Green,SG,23,MIL,2,0,8.5,0.5,2,0.25,0.5,2,0.25,0,0,0,0.375,0,0,0,0.5,1,1.5,0.5,0.5,0,0,1,1.5
153,Draymond Green,PF,32,GSW,15,15,30.1,3.3,5.9,0.562,0.3,1.1,0.313,3,4.9,0.616,0.59,1.1,1.7,0.68,0.6,5.7,6.3,6.7,1,0.6,2.4,3.5,8.1
154,Jalen Green,SG,20,HOU,16,16,34.3,7.3,17.4,0.419,2.7,7.5,0.358,4.6,9.9,0.465,0.496,4,5,0.8,0.6,3.8,4.4,3.4,0.8,0.3,3.1,1.7,21.3
155,JaMychal Green,PF,32,GSW,13,0,16.9,2.2,4.9,0.438,0.4,1.8,0.217,1.8,3.2,0.561,0.477,0.6,0.8,0.8,1.7,2.7,4.4,0.8,0.8,0.5,1,2.3,5.3
156,Javonte Green,SG,29,CHI,16,0,17.3,2.3,4.4,0.529,0.5,1.4,0.348,1.8,2.9,0.617,0.586,0.8,1.1,0.765,1.1,2.1,3.2,0.9,1.2,0.7,0.6,2.1,5.9
157,Jeff Green,PF,36,DEN,15,2,20.9,3.1,5.9,0.523,0.3,1.3,0.25,2.7,4.5,0.603,0.551,1.7,2.3,0.765,0.8,1.9,2.7,1.3,0.4,0.2,1.1,2.1,8.2
158,Josh Green,SG,22,DAL,15,1,18.3,1.8,3.1,0.587,0.7,1.7,0.44,1.1,1.4,0.762,0.707,1.3,1.9,0.655,1,1.3,2.3,0.9,1,0.1,0.7,2.1,5.6
159,AJ Griffin,SF,19,ATL,12,0,14.8,3.2,6.4,0.494,1.1,3,0.361,2.1,3.4,0.61,0.578,0.3,0.3,1,0.9,1.1,2,0.7,0.7,0.1,0.6,1,7.7
160,Blake Griffin,PF,33,BOS,7,2,11.1,1.1,2.7,0.421,0.4,1.1,0.375,0.7,1.6,0.455,0.5,0.7,0.9,0.833,0.9,2,2.9,0.9,0.3,0,0.6,1.6,3.4
161,Quentin Grimes,SG,22,NYK,6,1,7,0.7,1.7,0.4,0.5,1.5,0.333,0.2,0.2,1,0.55,0.3,0.3,1,0.2,0.3,0.5,0.3,0,0.2,0.3,1,2.2
162,Rui Hachimura,PF,24,WAS,16,0,23.5,4.8,9.9,0.481,0.8,2.3,0.333,4,7.6,0.525,0.519,1.3,1.8,0.724,0.8,4.1,4.8,1.1,0.3,0.5,1.4,1.1,11.6
163,Tyrese Haliburton,PG,22,IND,15,15,34.1,7.5,15.1,0.493,2.9,7.3,0.404,4.5,7.9,0.576,0.59,2.7,3.2,0.854,0.9,3.7,4.6,10.5,1.9,0.3,2.9,1.4,20.6
164,Jordan Hall,SF,21,SAS,6,0,11.5,0.8,3,0.278,0.3,1.7,0.2,0.5,1.3,0.375,0.333,1.2,1.3,0.875,0.5,1.2,1.7,1.5,0.2,0,1.2,1,3.2
165,R.J. Hampton,PG,21,ORL,14,0,15.3,2.4,4.8,0.507,1,2.1,0.483,1.4,2.7,0.526,0.612,1.3,1.5,0.857,0.4,0.9,1.4,1.2,0.8,0.3,1,1.2,7.1
166,Tim Hardaway Jr.,SG,30,DAL,14,0,24.7,3.7,11,0.338,2.4,7.1,0.33,1.4,3.9,0.352,0.445,2.4,2.6,0.917,0.1,2.1,2.2,2.3,0.8,0.2,1.1,1.3,12.1
167,James Harden,SG,33,PHI,9,9,36.8,7,15.9,0.441,2.2,6.7,0.333,4.8,9.2,0.518,0.51,5.8,6.2,0.929,0.6,6.4,7,10,1.1,0.7,2.9,2,22
168,Jaden Hardy,SG,20,DAL,3,0,3.3,0,1.7,0,0,0.7,0,0,1,0,0,0,0,0,0,0.7,0.7,0.3,0,0,0.7,0.7,0
169,Ron Harper Jr.,SF,22,TOR,1,0,3,0,1,0,0,1,0,0,0,0,0,0,0,0,0,0,0,0,0,0,0,0,0
170,Montrezl Harrell,C,29,PHI,14,1,10.2,1.4,2.4,0.576,0,0,0,1.4,2.4,0.576,0.576,1.3,2.1,0.621,0.6,1.2,1.9,0.4,0.3,0.4,0.5,1.2,4
171,Gary Harris,SG,28,ORL,1,0,24,3,5,0.6,1,1,1,2,4,0.5,0.7,0,0,0,0,1,1,1,1,0,0,1,7
172,Joe Harris,SG,31,BRK,14,10,26.6,3,7.6,0.396,1.8,5.1,0.352,1.2,2.5,0.486,0.514,0.3,0.5,0.571,0.7,2.6,3.4,2.1,0.5,0.3,0.7,2.2,8.1
173,Kevon Harris,SG,25,ORL,12,0,11.9,1.1,3,0.361,0.4,1,0.417,0.7,2,0.333,0.431,1.3,1.6,0.842,0.9,1.3,2.3,0.5,0.3,0,0.7,1.4,3.9
174,Tobias Harris,PF,30,PHI,14,14,33.7,5.6,12.1,0.462,2.1,5.2,0.397,3.5,6.9,0.51,0.547,1.5,1.9,0.778,1.1,5.1,6.2,2.9,1.6,0.6,1.1,2.1,14.7
175,Josh Hart,SG,27,POR,16,16,35.4,3.3,7.3,0.444,0.6,1.8,0.321,2.7,5.6,0.483,0.483,2.1,2.9,0.723,1.7,6.7,8.4,4.1,1.4,0.2,1.6,2.6,9.2
176,Isaiah Hartenstein,C,24,NYK,16,6,24.2,3,5.5,0.545,0.3,1,0.25,2.8,4.5,0.611,0.568,0.8,0.9,0.8,3.3,4.6,7.8,0.8,0.8,1.2,1,3,7
177,Udonis Haslem,PF,42,MIA,2,0,5,0.5,1.5,0.333,0,0,0,0.5,1.5,0.333,0.333,0.5,1,0.5,0,1,1,0,0,0.5,0,0.5,1.5
178,Sam Hauser,PF,25,BOS,16,0,16.7,2.7,5.3,0.512,2.2,4.6,0.479,0.5,0.7,0.727,0.72,0.2,0.3,0.75,0.4,1.9,2.3,0.6,0.3,0.3,0.2,1.4,7.8
179,Jaxson Hayes,C,22,NOP,5,0,7.4,0.2,1,0.2,0,0.4,0,0.2,0.6,0.333,0.2,0,0.4,0,0.2,0.8,1,0.6,0.2,0.2,0.2,1,0.4
180,Killian Hayes,PG,21,DET,17,4,21.9,2.4,7.4,0.317,0.7,2.4,0.293,1.6,5,0.329,0.365,0.6,0.8,0.786,0.5,2.1,2.5,3.6,1.1,0.5,1.5,2.6,6.1
181,Gordon Hayward,SF,32,CHO,9,9,32.2,6.1,13.3,0.458,1.3,3.6,0.375,4.8,9.8,0.489,0.508,3.3,4.3,0.769,0.7,3.8,4.4,4.4,0.8,0.3,2.4,0.9,16.9
182,Juancho Hernangómez,PF,27,TOR,10,1,14.5,1.4,3,0.467,0.4,1.5,0.267,1,1.5,0.667,0.533,0.1,0.3,0.333,0.6,2.9,3.5,1,0.7,0.2,0.6,0.9,3.3
183,Willy Hernangómez,C,28,NOP,4,0,6.8,1.3,3,0.417,0,0.5,0,1.3,2.5,0.5,0.417,0.5,0.5,1,1,2,3,0.3,0.3,0,1.3,0.8,3
184,Tyler Herro,SG,23,MIA,10,10,31.4,7.2,15.4,0.468,2.4,6.4,0.375,4.8,9,0.533,0.545,2.8,3.1,0.903,0.6,5.8,6.4,2.6,0.7,0.6,2.1,1.6,19.6
185,Buddy Hield,SG,30,IND,15,15,31.5,6.3,14.3,0.442,4,9.9,0.403,2.3,4.4,0.53,0.581,1.3,1.5,0.909,1.1,3.9,4.9,3,0.9,0.5,1.9,2.1,18
186,Haywood Highsmith,SF,26,MIA,7,1,10.1,0.9,3.3,0.261,0.1,1.6,0.091,0.7,1.7,0.417,0.283,0.1,0.3,0.5,0.6,2,2.6,0.3,0.7,0,0.6,0.3,2
187,George Hill,PG,36,MIL,15,0,22.1,1.7,4.3,0.385,0.6,2.3,0.265,1.1,2.1,0.516,0.454,1.5,2.1,0.719,0.4,1.4,1.8,2.6,0.4,0.1,0.8,1.5,5.5
188,Malcolm Hill,SF,27,CHI,3,0,0.3,0,0,0,0,0,0,0,0,0,0,0,0,0,0,0.3,0.3,0,0,0,0,0,0
189,Aaron Holiday,PG,26,ATL,16,1,18,1.8,4.2,0.418,0.5,1.1,0.444,1.3,3.1,0.408,0.478,0.5,0.6,0.889,0.4,1.1,1.4,1.6,0.7,0.2,0.8,1.6,4.5
190,Jrue Holiday,PG,32,MIL,11,10,32.2,7.2,16.4,0.439,2.2,6.5,0.338,5,9.9,0.505,0.506,2.2,2.5,0.857,1.3,4.2,5.5,7.5,1.5,0.6,3.1,1.7,18.7
191,Justin Holiday,SG,33,ATL,15,0,17.7,2.2,5.7,0.384,1.3,4,0.333,0.9,1.7,0.5,0.5,0,0,0,0.1,1,1.1,1,0.3,0.3,0.6,1.7,5.7
192,Richaun Holmes,PF,29,SAC,9,0,12,1.8,2.4,0.727,0.1,0.1,1,1.7,2.3,0.714,0.75,0.4,0.7,0.667,0.9,1.8,2.7,0,0.2,0.1,0.6,1.9,4.1
193,Al Horford,C,36,BOS,13,13,31.4,4.5,7.9,0.563,2.2,4.5,0.475,2.3,3.4,0.682,0.699,0.4,0.6,0.625,1.5,5.5,6.9,2.4,0.4,0.7,0.9,2.2,11.5
194,Talen Horton-Tucker,SG,22,UTA,18,0,17.2,2.9,7.3,0.402,0.7,2.7,0.245,2.3,4.6,0.494,0.447,1.3,1.7,0.774,0.6,2.2,2.7,2.6,0.8,0.3,1,1.4,7.9
195,Danuel House Jr.,SF,29,PHI,14,2,19.4,1.6,3.6,0.44,0.8,2.1,0.379,0.8,1.5,0.524,0.55,0.9,1.1,0.75,0.3,1.8,2.1,0.9,0.4,0.3,0.6,1.5,4.8
196,Caleb Houstan,SF,20,ORL,12,0,17.8,1,3.2,0.316,0.7,2.2,0.308,0.3,1,0.333,0.421,0.6,0.7,0.875,0.5,1.7,2.2,0.5,0.2,0.1,0.3,1.5,3.3
197,Trevor Hudgins,PG,23,HOU,1,0,4,1,1,1,1,1,1,0,0,0,1.5,0,0,0,0,0,0,0,0,0,0,0,3
198,Kevin Huerter,SG,24,SAC,14,14,31.9,5.4,10.9,0.497,3.6,7.1,0.51,1.8,3.8,0.472,0.663,1.6,2.4,0.667,0.1,2.6,2.8,3.4,0.9,0.4,1.4,2.1,16.1
199,De'Andre Hunter,SF,25,ATL,16,16,31.2,5.7,12.7,0.448,1.4,3.9,0.365,4.3,8.8,0.486,0.505,3.1,3.9,0.79,0.7,3.3,3.9,0.9,0.3,0.1,1.4,3.3,15.9
200,Bones Hyland,PG,22,DEN,11,0,21.5,4.7,12.2,0.388,3.1,6.6,0.466,1.6,5.5,0.295,0.515,2.4,2.9,0.813,0.2,2,2.2,3.7,0.6,0.3,2,2,14.9
201,Serge Ibaka,PF,33,MIL,13,0,11.8,1.8,3.2,0.548,0.5,1.1,0.429,1.3,2.2,0.607,0.619,0.5,0.8,0.636,0.9,2.2,3.1,0.3,0,0.5,0.6,1.4,4.5
202,Brandon Ingram,SF,25,NOP,12,12,33.3,7.6,16.4,0.462,2,4.1,0.49,5.6,12.3,0.453,0.523,3.9,4.8,0.825,0.5,4.8,5.3,4.5,0.8,0.8,2.8,2.5,21.1
203,Kyrie Irving,PG,30,BRK,8,8,38.6,9.8,21.5,0.453,2.6,9.4,0.28,7.1,12.1,0.588,0.515,4.8,5.1,0.927,0.8,4.4,5.1,5.1,1.4,1.1,2.4,3,26.9
204,Jaden Ivey,SG,20,DET,16,16,32.1,5.8,13.8,0.421,1.4,4.9,0.295,4.4,8.9,0.49,0.473,3.3,4.4,0.732,1.3,3.6,4.9,4.2,1.2,0.4,2.6,3,16.3
205,Isaiah Jackson,PF,21,IND,15,3,17.5,2.9,4.7,0.606,0,0.1,0,2.9,4.7,0.614,0.606,1.9,2.9,0.674,1.6,3.3,4.9,1.2,0.4,1.3,1.1,2.5,7.7
206,Jaren Jackson Jr.,C,23,MEM,2,2,25,5,15,0.333,1.5,6.5,0.231,3.5,8.5,0.412,0.383,4.5,6.5,0.692,3.5,5.5,9,0,1,4,2,1.5,16
207,Justin Jackson,SF,27,BOS,4,0,6.3,0.5,1.8,0.286,0.5,1.5,0.333,0,0.3,0,0.429,0,0,0,0,0.5,0.5,0.3,0,0.3,0,0.5,1.5
208,Reggie Jackson,PG,32,LAC,17,17,29.1,4.4,9.9,0.446,1.5,4.2,0.352,2.9,5.7,0.515,0.521,1.3,1.4,0.917,0.2,2.2,2.4,4.1,0.6,0.1,2.1,1.8,11.6
209,LeBron James,PF,38,LAL,10,10,35.7,10,21.9,0.457,1.7,7.1,0.239,8.3,14.8,0.561,0.495,3.2,4.8,0.667,1.8,7,8.8,6.9,1.1,0.7,3.4,2,24.9
210,Ty Jerome,SG,25,GSW,8,0,15,2,3.8,0.533,0.8,2,0.375,1.3,1.8,0.714,0.633,1.3,1.3,1,0.1,0.9,1,1.9,0.1,0.1,0.3,1.1,6
211,Isaiah Joe,SG,23,OKC,11,0,6.1,1.2,2.3,0.52,0.7,1.7,0.421,0.5,0.5,0.833,0.68,0.5,0.6,0.714,0,1.1,1.1,0.5,0.3,0.1,0.4,0.7,3.5
212,Cameron Johnson,PF,26,PHO,8,8,25.3,4.6,10.4,0.446,2.8,6.4,0.431,1.9,4,0.469,0.578,1,1.4,0.727,0.6,2.8,3.4,1.8,1.1,0.4,0.3,1.8,13
213,Jalen Johnson,SF,21,ATL,16,0,13.3,1.7,3.9,0.435,0.2,1.3,0.143,1.5,2.6,0.585,0.46,0.6,0.9,0.667,0.5,2.5,3,0.6,0.7,0.3,0.5,1.4,4.2
214,James Johnson,PF,35,IND,4,0,11.5,1.3,3,0.417,0.3,1.3,0.2,1,1.8,0.571,0.458,0,0,0,0,1.8,1.8,1,0.3,0.5,0.3,2.8,2.8
215,Keldon Johnson,SF,23,SAS,15,15,32.5,7.5,16.8,0.444,3.5,8.5,0.414,3.9,8.3,0.476,0.55,3.5,4.5,0.776,0.6,4.1,4.7,3.4,1,0.1,2.7,1.5,21.9
216,Keon Johnson,SG,20,POR,6,0,17.7,2.7,7.5,0.356,1.3,3.8,0.348,1.3,3.7,0.364,0.444,0.3,1,0.333,0.5,2,2.5,1.7,0.8,0.3,2.2,1.7,7
217,Nikola Joki?,C,27,DEN,13,13,31.1,7.9,13.1,0.606,0.6,2.2,0.286,7.3,10.9,0.669,0.629,4.3,4.9,0.875,1.5,7.9,9.5,8.9,1.5,0.6,3.2,2.7,20.8
218,Damian Jones,C,27,LAL,9,1,8.3,1.1,2.3,0.476,0,0.1,0,1.1,2.2,0.5,0.476,0.8,1.1,0.7,1,1.7,2.7,0.3,0.1,0.4,0.6,1.1,3
219,Derrick Jones Jr.,SF,25,CHI,14,0,13.5,1.4,3.5,0.408,0.2,1,0.214,1.2,2.5,0.486,0.439,1.9,2.2,0.839,1,1.4,2.4,0.6,0.4,0.7,0.2,1.3,4.9
220,Herbert Jones,SF,24,NOP,12,12,29.8,3.9,8.1,0.485,0.7,2.3,0.296,3.3,5.8,0.557,0.526,2.4,3.3,0.744,1.4,2.4,3.8,2.1,1.2,0.5,1,3.7,10.9
221,Kai Jones,C,22,CHO,8,0,4.4,0.6,1.1,0.556,0.1,0.5,0.25,0.5,0.6,0.8,0.611,0.3,0.5,0.5,0.1,0.4,0.5,0.3,0.1,0.8,0,0.4,1.6
222,Tre Jones,PG,23,SAS,16,16,29.6,4.3,10.6,0.4,0.9,2.3,0.389,3.4,8.4,0.403,0.441,2.1,2.3,0.917,0.6,2.8,3.4,6.9,1.5,0.2,1.9,2.1,11.4
223,Tyus Jones,PG,26,MEM,16,2,23.1,4.3,9.4,0.45,1.3,3.9,0.333,2.9,5.5,0.534,0.52,0.8,1.1,0.706,0.3,1.4,1.7,3.9,0.6,0.1,1.1,0.6,10.6
224,DeAndre Jordan,C,34,DEN,13,2,14.9,2.3,2.9,0.789,0.1,0.1,1,2.2,2.8,0.784,0.803,0.7,1.5,0.45,1.6,3.7,5.3,0.9,0.2,0.7,1.5,1.5,5.4
225,Cory Joseph,PG,31,DET,12,2,12.4,1.1,2.8,0.394,0.6,1.5,0.389,0.5,1.3,0.4,0.5,0.8,0.9,0.818,0.2,0.8,0.9,2.4,0.3,0.1,0.4,1.5,3.5
226,Nikola Jovi?,PF,19,MIA,6,2,13,2,4.3,0.462,0.5,1.7,0.3,1.5,2.7,0.563,0.519,2.2,2.3,0.929,0.7,1.2,1.8,0.3,0.5,0,0.7,1.3,6.7
227,Frank Kaminsky,C,29,ATL,6,0,5.5,0.7,1,0.667,0.2,0.3,0.5,0.5,0.7,0.75,0.75,0.7,0.7,1,0,1.2,1.2,0.7,0,0,0.2,1.2,2.2
228,Trevor Keels,SG,19,NYK,1,0,1,0,1,0,0,1,0,0,0,0,0,0,0,0,0,1,1,0,0,0,0,0,0
229,Luke Kennard,SG,26,LAC,14,7,21.3,2.9,5.7,0.513,1.6,3.4,0.479,1.3,2.3,0.563,0.656,0.2,0.2,1,0.3,2.6,2.9,0.6,0.6,0,1.1,1.4,7.7
230,Walker Kessler,C,21,UTA,15,0,15,2.3,3.5,0.673,0,0,0,2.3,3.5,0.673,0.673,0.7,1.3,0.5,2.3,2.9,5.2,0.8,0.3,1.4,0.6,1.8,5.3
231,Braxton Key,SF,25,DET,2,0,3.5,0.5,0.5,1,0,0,0,0.5,0.5,1,1,1,1,1,0,0.5,0.5,0,0,0,0,0,2
232,Corey Kispert,SF,23,WAS,8,5,24.4,3.3,5.8,0.565,1.6,3.5,0.464,1.6,2.3,0.722,0.707,0.9,1,0.875,0.3,1.9,2.1,1.9,0.9,0,0.8,1.3,9
233,Maxi Kleber,C,31,DAL,13,0,24.6,1.5,4,0.385,0.7,2.5,0.273,0.8,1.5,0.579,0.471,0.7,0.9,0.75,0.8,2.8,3.6,0.8,0.5,0.7,0.6,1.8,4.5
234,Nathan Knight,PF,25,MIN,6,0,2.5,0.2,0.3,0.5,0,0.2,0,0.2,0.2,1,0.5,0.2,0.2,1,0,0.8,0.8,0,0.3,0,0.3,0.3,0.5
235,Kevin Knox,SF,23,DET,10,0,7.8,0.7,2.9,0.241,0.3,2,0.15,0.4,0.9,0.444,0.293,0,0,0,0.3,0.8,1.1,0.2,0.2,0.3,0.5,1.1,1.7
236,Christian Koloko,C,22,TOR,17,8,17.6,1.5,3.4,0.456,0,0.2,0,1.5,3.1,0.491,0.456,1.1,1.8,0.633,1.8,1.9,3.6,0.5,0.2,1.4,0.6,3.1,4.2
237,John Konchar,SG,26,MEM,15,7,26.7,3,6.2,0.484,1.7,3.9,0.431,1.3,2.3,0.571,0.618,0.1,0.1,0.5,1.5,4.5,6,1.2,0.9,0.3,0.5,1.7,7.7
238,Furkan Korkmaz,SG,25,PHI,5,0,5.6,0.8,1.6,0.5,0.2,0.6,0.333,0.6,1,0.6,0.563,1,1.2,0.833,0.2,0.6,0.8,0.6,0,0,0.4,0.4,2.8
239,Luke Kornet,C,27,BOS,12,0,13.3,1.6,2.4,0.655,0.2,0.3,0.5,1.4,2.1,0.68,0.69,0.8,0.8,0.9,1.3,2.4,3.7,1.2,0.2,1.1,0.6,1.4,4.1
240,Vit Krejci,PG,22,ATL,7,0,2.9,0.6,0.9,0.667,0.4,0.7,0.6,0.1,0.1,1,0.917,0,0,0,0,0.3,0.3,0.1,0,0,0,0.3,1.6
241,Jonathan Kuminga,PF,20,GSW,12,1,13.7,1.7,4.1,0.408,0.3,1.3,0.25,1.3,2.8,0.485,0.449,1.2,1.4,0.824,0.6,1.5,2.1,0.7,0.3,0.3,1.1,1.7,4.8
242,Kyle Kuzma,PF,27,WAS,16,16,33.8,6.9,15.5,0.448,2.1,6.8,0.306,4.9,8.8,0.557,0.514,2.6,3.6,0.719,0.9,7.2,8.1,3.3,0.3,0.5,2.7,2.6,18.5
243,Anthony Lamb,SF,25,GSW,8,1,20.3,3,5.5,0.545,1.6,3.6,0.448,1.4,1.9,0.733,0.693,0,0,0,0.9,2.6,3.5,1.5,1,0,1.3,2.4,7.6
244,Jock Landale,C,27,PHO,15,0,14.8,2.9,5.6,0.512,0.2,1.7,0.115,2.7,3.9,0.69,0.53,1.4,1.8,0.778,1.6,2.5,4.1,0.7,0.3,0.8,0.8,2.4,7.3
245,Romeo Langford,SG,23,SAS,7,2,16.3,1.9,4.4,0.419,0.1,1,0.143,1.7,3.4,0.5,0.435,0.4,0.6,0.75,1.4,0.6,2,0.4,0.4,0.3,0.7,1.4,4.3
246,Jake LaRavia,PF,21,MEM,12,0,17.9,1.8,4.2,0.44,1.1,2.8,0.394,0.8,1.4,0.529,0.57,0.4,0.4,1,0.8,2.7,3.4,0.8,0.5,0.3,0.8,2.4,5.2
247,Zach LaVine,SG,27,CHI,12,12,33.3,7.2,17.3,0.415,2.8,7.8,0.362,4.3,9.4,0.46,0.498,3.5,4.2,0.84,0.5,3.4,3.9,4,1.1,0.1,2.2,2.3,20.7
248,A.J. Lawson,SG,22,MIN,1,0,2,1,1,1,0,0,0,1,1,1,1,0,0,0,0,1,1,0,0,0,0,1,2
249,Damion Lee,SG,30,PHO,15,0,20.1,2.3,5.3,0.43,1.7,3.6,0.481,0.5,1.7,0.32,0.595,0.8,0.9,0.857,0.5,2.5,2.9,1,0.5,0,0.6,1.5,7.1
250,Alex Len,C,29,SAC,5,0,3,0.4,0.6,0.667,0,0,0,0.4,0.6,0.667,0.667,0.2,0.4,0.5,0,0.6,0.6,0,0,0,0,0.4,1
251,Kawhi Leonard,SF,31,LAC,4,2,22.3,3.8,8.5,0.441,0.5,3,0.167,3.3,5.5,0.591,0.471,2.5,3.3,0.769,1,3.8,4.8,3,0.8,0,1.3,1.8,10.5
252,Caris LeVert,SG,28,CLE,15,14,33.4,4.2,11.3,0.373,1.7,4.2,0.397,2.5,7.1,0.358,0.447,2.3,2.9,0.791,1.1,3.4,4.5,4.9,0.7,0.1,1.9,2.4,12.3
253,Damian Lillard,PG,32,POR,11,11,35.2,7.6,18.1,0.422,3.4,10.1,0.333,4.3,8,0.534,0.515,7.6,8.7,0.875,0.9,3.4,4.3,7,0.5,0.3,3.8,1.6,26.3
254,Nassir Little,PF,22,POR,16,0,14.7,2.3,4.5,0.514,0.9,2.1,0.441,1.4,2.4,0.579,0.618,0.7,1,0.688,0.3,2.3,2.6,0.9,0.4,0.2,0.6,0.7,6.3
255,Isaiah Livers,PF,24,DET,15,0,18.9,1.7,4.9,0.356,1.3,3.9,0.345,0.4,1,0.4,0.493,0.9,1.1,0.765,0.7,1.9,2.6,0.6,0.5,0.4,0.6,2.1,5.7
256,Kenneth Lofton Jr.,PF,20,MEM,3,0,4.7,1.3,3,0.444,0,0.3,0,1.3,2.7,0.5,0.444,0.3,1,0.333,0.3,0.3,0.7,0.3,0,0,0,1,3
257,Kevon Looney,C,26,GSW,16,16,23.8,2.8,4.5,0.625,0,0,0,2.8,4.5,0.625,0.625,0.8,1.1,0.667,2.3,4.7,7,3.1,0.4,0.5,0.4,3.1,6.4
258,Brook Lopez,C,34,MIL,15,15,31.6,6.1,12.2,0.497,2.5,6.3,0.389,3.6,5.9,0.614,0.598,1.7,2.1,0.813,1.9,4.1,6.1,1.1,0.7,2.6,1.5,2.5,16.3
259,Robin Lopez,C,34,CLE,9,0,9.9,1.4,2.2,0.65,0,0,0,1.4,2.2,0.65,0.65,0.4,0.7,0.667,0.8,0.8,1.6,0.3,0,0.2,0.4,0.9,3.3
260,Kevin Love,PF,34,CLE,15,1,21.3,3.4,8,0.425,2.4,5.9,0.409,1,2.1,0.469,0.575,2.1,2.4,0.861,0.9,6.5,7.4,2.6,0.1,0.2,1.1,1.4,11.3
261,Kyle Lowry,PG,36,MIA,16,16,36.3,4.3,10.6,0.406,2.4,6.6,0.362,1.9,4.1,0.477,0.518,3.2,3.7,0.864,0.6,4.2,4.8,6.1,1.1,0.6,2.4,2.9,14.2
262,Trey Lyles,PF,27,SAC,12,0,15.1,2.4,6,0.403,1.5,4.3,0.353,0.9,1.8,0.524,0.528,0.8,1.3,0.667,0.8,1.9,2.8,0.8,0.4,0.4,1,1.1,7.2
263,Théo Maledon,PG,21,CHO,16,0,14.6,1.6,3.3,0.491,0.6,1.5,0.375,1.1,1.8,0.586,0.575,0.8,0.9,0.867,0.1,2.1,2.2,2.1,0.6,0.3,1.1,1.1,4.6
264,Sandro Mamukelashvili,C,23,MIL,6,0,5.3,0.7,2.2,0.308,0.2,1.2,0.143,0.5,1,0.5,0.346,0.5,1,0.5,0.3,0.8,1.2,0.2,0,0,0.2,0.3,2
265,Terance Mann,SG,26,LAC,17,5,18.5,2.7,4.6,0.59,0.4,1.5,0.269,2.3,3.1,0.75,0.635,0.9,1.2,0.714,0.6,2.3,2.9,1.4,0.4,0.2,0.9,1.7,6.7
266,Tre Mann,PG,21,OKC,13,4,24.1,4.2,10.5,0.401,1.8,5.5,0.333,2.4,5,0.477,0.489,0.8,1.2,0.625,0.8,2.3,3.1,2.2,0.9,0.1,1,1.8,11.1
267,Boban Marjanovi?,C,34,HOU,6,0,3.2,0.3,0.7,0.5,0,0,0,0.3,0.7,0.5,0.5,0.5,0.8,0.6,0.2,0.8,1,0.2,0.2,0,0.3,0.2,1.2
268,Lauri Markkanen,SF,25,UTA,18,18,32.9,8.3,15.2,0.544,2.1,5.7,0.369,6.2,9.5,0.649,0.613,3.6,4.4,0.813,2.2,6.2,8.4,2.3,0.6,0.9,2,2,22.3
269,Naji Marshall,SF,25,NOP,16,4,20.1,2.4,5.8,0.419,0.8,2.3,0.333,1.7,3.6,0.474,0.484,1,1.3,0.762,0.8,2.1,2.9,1.6,0.6,0.2,0.9,1.3,6.6
270,Caleb Martin,PF,27,MIA,15,15,30.8,3.6,8.3,0.435,1.2,2.9,0.419,2.4,5.4,0.444,0.508,0.8,1,0.8,1.9,2.9,4.8,2,1.3,0.4,1.1,2,9.2
271,Cody Martin,SF,27,CHO,1,0,1,0,0,0,0,0,0,0,0,0,0,0,0,0,0,0,0,0,0,0,0,0,0
272,Kenyon Martin Jr.,SF,22,HOU,16,4,25.2,4.3,8,0.531,1.1,3.3,0.327,3.2,4.8,0.671,0.598,1.4,2.2,0.657,1.4,3.6,4.9,1.5,0.4,0.6,1.3,2.1,11
273,Tyrese Martin,SG,23,ATL,7,0,3,0.4,0.9,0.5,0.1,0.4,0.333,0.3,0.4,0.667,0.583,0,0,0,0.3,0.3,0.6,0,0.1,0,0,0.1,1
274,Garrison Mathews,SG,26,HOU,14,0,12.1,1.1,3.3,0.326,1.1,3.1,0.341,0,0.1,0,0.489,0.6,0.6,1,0.1,0.7,0.8,0.4,0.4,0.1,0.4,1.2,3.8
275,Bennedict Mathurin,SG,20,IND,15,0,27.7,5.9,13.3,0.442,2.5,5.9,0.427,3.3,7.3,0.455,0.538,4.8,5.8,0.828,1.3,2.6,3.9,2,0.5,0.1,2.3,2.1,19.1
276,Wesley Matthews,SG,36,MIL,13,0,16.3,1.1,3.7,0.292,0.8,2.8,0.297,0.2,0.8,0.273,0.406,0.4,0.5,0.833,1,1.3,2.3,0.6,0.7,0.3,0.5,1.7,3.4
277,Tyrese Maxey,SG,22,PHI,15,15,36.4,8.4,18.2,0.462,2.9,6.8,0.422,5.5,11.4,0.485,0.54,3.2,4.3,0.738,0.4,3.1,3.5,4.4,1,0.3,2,2.3,22.9
278,Miles McBride,PG,22,NYK,5,0,2.6,0.2,1,0.2,0,0.6,0,0.2,0.4,0.5,0.2,0,0.4,0,0,0.2,0.2,0.6,0,0,0,0.2,0.4
279,CJ McCollum,SG,31,NOP,16,16,36,7.4,18.4,0.403,2.4,7.2,0.33,5.1,11.3,0.45,0.468,1.7,2.1,0.794,0.9,4.3,5.2,6.4,1.3,0.6,2.1,1.9,18.9
280,T.J. McConnell,PG,30,IND,14,0,16.1,1.8,4.5,0.397,0,0.3,0,1.8,4.2,0.424,0.397,0.1,0.2,0.667,0.5,1.6,2.1,3.6,1.1,0.3,1.9,1.1,3.7
281,Jaden McDaniels,PF,22,MIN,16,16,30.1,4.3,7.9,0.543,0.9,2.7,0.349,3.4,5.3,0.643,0.602,1.6,2.1,0.758,1.5,2,3.5,1.2,1.3,1.3,1.5,3.8,11.1
282,Jalen McDaniels,SF,25,CHO,17,1,25.8,3.3,7.8,0.424,1.2,3.2,0.37,2.1,4.6,0.462,0.5,1.2,1.5,0.84,1.1,3.6,4.8,2.3,1.1,0.7,1.4,2.9,9
283,Doug McDermott,SF,31,SAS,16,0,20.7,3.6,7.9,0.449,2,4.8,0.416,1.6,3.1,0.5,0.575,0.6,0.9,0.667,0.3,1.6,1.9,1.1,0.1,0.2,1.1,1.6,9.8
284,JaVale McGee,C,35,DAL,11,7,10.1,1.9,3.5,0.553,0,0,0,1.9,3.5,0.553,0.553,0.9,1.7,0.526,1,2.1,3.1,0.3,0.3,0.6,1.2,1.3,4.7
285,Bryce McGowens,SG,20,CHO,5,0,6,1,1.8,0.556,0.2,0.6,0.333,0.8,1.2,0.667,0.611,1,1,1,0,0.4,0.4,0.2,0.4,0.2,0.2,0.2,3.2
286,Rodney McGruder,SG,31,DET,5,0,4.2,0.2,1.4,0.143,0.2,0.8,0.25,0,0.6,0,0.214,0.4,0.4,1,0.4,0.4,0.8,0.2,0,0,0,0.2,1
287,Jordan McLaughlin,PG,26,MIN,14,0,15.8,1.4,3.4,0.396,0.2,1.7,0.125,1.1,1.7,0.667,0.427,0.4,0.4,1,0.3,1.4,1.7,3.8,0.7,0.1,0.6,0.4,3.4
288,De'Anthony Melton,PG,24,PHI,14,7,26.1,3.7,8.6,0.43,1.6,4.3,0.383,2.1,4.4,0.475,0.525,0.5,0.8,0.636,1.2,3.3,4.5,3.1,1.7,0.5,1.4,1.7,9.6
289,Chimezie Metu,C,25,SAC,10,0,12.2,2.1,3.9,0.538,0.2,1.2,0.167,1.9,2.7,0.704,0.564,0.6,0.7,0.857,0.4,2.3,2.7,0.9,0.5,0.1,0.7,1,5
290,Patty Mills,PG,34,BRK,16,0,11.8,1.6,3.9,0.413,1.2,3.1,0.388,0.4,0.9,0.5,0.563,0.6,0.6,1,0.3,0.6,0.8,0.9,0.3,0.1,0.3,0.4,5.1
291,Shake Milton,SG,26,PHI,12,1,16.1,2.8,5.3,0.516,0.4,1.3,0.313,2.3,4,0.583,0.555,0.8,1.2,0.714,0.4,2,2.4,1.8,0.1,0.2,1.8,1.6,6.8
292,Davion Mitchell,PG,24,SAC,14,1,19.3,2.8,5.9,0.476,0.9,2.8,0.333,1.9,3.1,0.605,0.555,0.3,0.4,0.667,0.1,1.2,1.3,2,0.4,0.1,1.2,1.6,6.8
293,Donovan Mitchell,SG,26,CLE,13,13,39.1,10.8,21.6,0.502,3.9,9.5,0.411,6.9,12.1,0.573,0.593,5.5,6.2,0.889,0.9,3.5,4.5,5.8,1.4,0.5,3.5,2.7,31.2
294,Evan Mobley,PF,21,CLE,15,15,34.5,6.4,11.3,0.568,0.1,0.8,0.167,6.3,10.5,0.599,0.574,2.6,3.7,0.696,2.6,5.6,8.2,2.3,0.9,1.5,2.1,3.1,15.5
295,Isaiah Mobley,PF,23,CLE,2,0,4.5,1,1.5,0.667,0.5,0.5,1,0.5,1,0.5,0.833,0,0,0,0,2,2,0,0.5,0,0,1,2.5
296,Chima Moneke,SF,27,SAC,2,0,4,0.5,1,0.5,0,0,0,0.5,1,0.5,0.5,0,1,0,1,0,1,0.5,0,0,1,1,1
297,Malik Monk,SG,24,SAC,14,0,21.9,4.5,10,0.45,2.1,5.5,0.377,2.4,4.5,0.54,0.554,2,2.1,0.933,0.5,1.9,2.4,4.2,0.4,0.3,1.6,1.6,13.1
298,Moses Moody,SG,20,GSW,14,1,15.8,1.9,4.6,0.406,1,2.9,0.35,0.9,1.7,0.5,0.516,0.9,1.1,0.813,0.4,1.6,1.9,0.6,0.4,0.4,1.1,0.9,5.6
299,Wendell Moore Jr.,SG,21,MIN,1,0,2,0,1,0,0,1,0,0,0,0,0,0,0,0,0,0,0,0,0,0,1,0,0
300,Ja Morant,PG,23,MEM,14,14,33.1,9.9,21.4,0.465,1.9,4.9,0.391,8,16.4,0.487,0.51,6.8,8.6,0.792,1.3,4.9,6.2,7.1,1.1,0.4,3.8,1.8,28.6
301,Marcus Morris,PF,33,LAC,15,15,31.2,5.9,11.7,0.5,2.3,5.8,0.402,3.5,5.9,0.596,0.599,0.7,0.9,0.846,0.5,5,5.5,2.3,0.8,0.3,1,2.3,14.8
302,Markieff Morris,PF,33,BRK,8,0,9.6,0.9,2.8,0.318,0.8,1.9,0.4,0.1,0.9,0.143,0.455,0,0,0,0.3,1.8,2,1.1,0.3,0.3,0.9,1.3,2.5
303,Monte Morris,PG,27,WAS,16,16,27.4,3.4,8,0.422,1,3.1,0.327,2.4,4.9,0.481,0.484,0.9,1.3,0.714,0.4,3.4,3.9,5,0.8,0.3,0.8,1.3,8.7
304,Trey Murphy III,SF,22,NOP,16,7,27.1,3.9,8,0.484,2.3,5.3,0.429,1.6,2.8,0.591,0.625,1.3,1.4,0.955,1.1,3.3,4.4,1.3,1,0.4,0.7,1.6,11.3
305,Dejounte Murray,SG,26,ATL,16,16,36.6,8.6,18.9,0.454,1.8,5.6,0.311,6.8,13.3,0.514,0.5,2.2,2.5,0.875,0.8,5.5,6.3,7.4,2,0.4,2.3,1.8,21.1
306,Jamal Murray,PG,25,DEN,13,13,29,6.5,15.2,0.429,1.7,4.8,0.355,4.8,10.5,0.463,0.485,1.8,2.3,0.767,0.6,3.3,3.9,4.5,1,0.1,2.2,0.8,16.5
307,Keegan Murray,SF,22,SAC,12,10,30.3,4.6,10.2,0.451,2.3,6,0.375,2.3,4.2,0.56,0.561,0.6,0.8,0.778,0.7,3,3.7,1.1,1,0.8,1.6,2.3,12
308,Mike Muscala,C,31,OKC,13,1,13.2,2.2,5,0.431,1,3.2,0.31,1.2,1.8,0.652,0.531,0.9,1.2,0.75,0.5,3.2,3.7,0.8,0.1,0.6,0.5,1.8,6.2
309,Svi Mykhailiuk,SF,25,NYK,4,0,2,0.8,0.8,1,0.8,0.8,1,0,0,0,1.5,0,0.3,0,0,0.5,0.5,0,0,0,0.3,0,2.3
310,Larry Nance Jr.,PF,30,NOP,15,0,23.7,4.5,6.5,0.684,0.3,0.7,0.455,4.1,5.8,0.713,0.709,1.1,1.3,0.8,1.9,4.1,5.9,2.2,0.9,0.7,1.1,2.1,10.3
311,Andrew Nembhard,SG,23,IND,14,6,20.1,2.5,5.6,0.449,1.2,3,0.405,1.3,2.6,0.5,0.558,0.5,0.5,1,0.4,1.8,2.1,3.1,0.9,0.1,0.9,2.4,6.7
312,Aaron Nesmith,SF,23,IND,11,4,20.1,2.5,6.2,0.397,1.3,3.6,0.35,1.2,2.5,0.464,0.5,1.2,1.5,0.765,0.4,2.5,2.8,1.4,0.3,0.6,1,2.5,7.4
313,Raul Neto,PG,30,CLE,9,0,10.7,1.1,2.9,0.385,0.3,1.1,0.3,0.8,1.8,0.438,0.442,0.7,0.7,1,0.2,1.1,1.3,1.4,0.4,0,0.4,0.7,3.2
314,Georges Niang,PF,29,PHI,16,0,19.7,3.2,6.8,0.472,2.2,5.1,0.427,1,1.6,0.615,0.634,0.8,0.8,1,0.3,1.7,1.9,0.7,0.4,0.4,0.8,1.9,9.3
315,Daishen Nix,PG,20,HOU,14,0,14.5,1.1,3.1,0.364,0.9,2.1,0.433,0.2,1,0.214,0.511,0.2,0.3,0.75,0.2,1.1,1.4,2.1,0.7,0.2,1.4,0.9,3.4
316,Zeke Nnaji,PF,22,DEN,10,0,7.8,1.4,2.2,0.636,0.1,0.6,0.167,1.3,1.6,0.813,0.659,0.4,0.5,0.8,0.7,0.4,1.1,0.1,0.3,0,0.4,1.5,3.3
317,Nerlens Noel,C,28,DET,5,0,12,0.8,2.4,0.333,0,0,0,0.8,2.4,0.333,0.333,0.6,0.8,0.75,0.4,3.2,3.6,0.6,1,0.4,0.6,1.6,2.2
318,Jaylen Nowell,SG,23,MIN,16,0,17.2,4.1,9.8,0.417,1.2,3.9,0.306,2.9,5.9,0.489,0.478,1,1.3,0.762,0.6,2.1,2.6,2.1,0.5,0.1,0.9,1.5,10.3
319,Frank Ntilikina,PG,24,DAL,3,0,8,1,2.7,0.375,0.3,1.7,0.2,0.7,1,0.667,0.438,0,0,0,0,1,1,1,0.3,0,0.3,0.7,2.3
320,Kendrick Nunn,PG,27,LAL,12,2,13.8,2.1,6,0.347,0.8,3.1,0.27,1.3,2.9,0.429,0.417,0.2,0.3,0.667,0.1,1.3,1.4,1.3,0.2,0.1,1.3,0.9,5.2
321,Jusuf Nurki?,C,28,POR,13,13,27.8,5,9.6,0.52,0.5,1,0.538,4.5,8.6,0.518,0.548,2.8,3.7,0.771,2.8,7.3,10.2,2.2,0.8,0.7,2.5,3.1,13.4
322,Jordan Nwora,SF,24,MIL,15,1,19.3,2.3,6.8,0.343,1.3,3.7,0.364,1,3.1,0.319,0.441,1.3,1.4,0.905,0.7,3.2,3.9,1.1,0.3,0.2,0.9,1.1,7.3
323,Royce O'Neale,SF,29,BRK,16,16,35.6,3.5,9.5,0.368,2.3,5.8,0.391,1.3,3.8,0.333,0.487,0.6,0.9,0.714,1.1,3.8,4.8,4.3,1.2,0.6,1.4,3.3,9.9
324,Chuma Okeke,PF,24,ORL,17,6,22.4,1.9,4.9,0.381,1.1,3.4,0.316,0.8,1.6,0.519,0.488,0.9,1.2,0.762,1.2,3.2,4.5,1.5,0.6,0.5,0.5,1.9,5.8
325,Josh Okogie,SG,24,PHO,14,0,5.4,0.3,1.1,0.25,0,0.6,0,0.3,0.6,0.5,0.25,0.3,0.4,0.667,0.4,0.9,1.2,0.2,0.4,0.2,0.4,1,0.9
326,Onyeka Okongwu,C,22,ATL,15,0,19.7,3.3,5.1,0.649,0,0.1,0,3.3,5.1,0.658,0.649,0.7,1.1,0.647,1.9,3.8,5.7,1.1,0.5,0.7,0.6,3.1,7.4
327,Isaac Okoro,SG,22,CLE,15,3,16.4,1,2.7,0.366,0.1,1.1,0.125,0.9,1.7,0.52,0.39,0.6,0.8,0.75,0.3,1,1.3,0.4,0.6,0.1,0.9,2.3,2.7
328,KZ Okpala,PF,23,SAC,8,3,6.6,0.3,0.8,0.333,0.1,0.5,0.25,0.1,0.3,0.5,0.417,0.5,0.5,1,0.3,0.5,0.8,0.4,0,0,0,0.8,1.1
329,Kelly Olynyk,PF,31,UTA,18,18,26.9,4.2,7.9,0.531,1.4,3.1,0.473,2.8,4.9,0.568,0.622,2.4,3,0.796,1.3,3.5,4.8,3.1,1.2,0.6,2.6,4.3,12.3
330,Eugene Omoruyi,SF,25,OKC,6,0,11.5,2.5,4.3,0.577,1,1.8,0.545,1.5,2.5,0.6,0.692,1.2,1.8,0.636,0.8,1.2,2,0.3,0.2,0,0.7,2.8,7.2
331,Cedi Osman,SF,27,CLE,15,0,19.9,2.8,6.2,0.452,1.3,3.3,0.388,1.5,2.9,0.523,0.554,1.1,1.6,0.708,0.2,2.1,2.3,1.8,0.1,0.1,0.8,2,8
332,Kelly Oubre Jr.,SF,27,CHO,17,17,31.6,7.1,16.8,0.42,2.6,7.7,0.336,4.5,9.1,0.49,0.497,2.5,3.4,0.724,1.4,3.8,5.2,1.2,1.6,0.3,1.2,3.4,19.2
333,Chris Paul,PG,37,PHO,10,10,30.2,2.8,7.6,0.368,0.9,3.3,0.273,1.9,4.3,0.442,0.428,3,3.4,0.882,0.5,4,4.5,9.4,1.7,0.2,1.5,2.3,9.5
334,Cameron Payne,PG,28,PHO,13,5,23.6,5,11.5,0.436,2.2,5.1,0.424,2.8,6.4,0.446,0.53,1.4,1.7,0.818,0.2,2.2,2.4,4.2,1.1,0.2,2.1,2.2,13.5
335,Theo Pinson,SG,27,DAL,3,0,3.7,0,0,0,0,0,0,0,0,0,0,0.7,0.7,1,0,1,1,0.3,0,0,0,0,0.7
336,Scotty Pippen Jr.,PG,22,LAL,2,0,4,0,1,0,0,0,0,0,1,0,0,1.5,2,0.75,0.5,0.5,1,0,0,0,0.5,1,1.5
337,Mason Plumlee,C,32,CHO,17,17,26.9,3.6,5.8,0.616,0,0,0,3.6,5.8,0.616,0.616,2.2,3.6,0.597,2.8,5.9,8.7,4,0.6,0.6,1.9,3.5,9.4
338,Jakob Poeltl,C,27,SAS,17,17,28.5,6,9.4,0.642,0,0,0,6,9.4,0.642,0.642,1.6,3.1,0.519,3.8,6,9.8,3.6,0.9,1.1,2.3,2.2,13.6
339,Aleksej Pokusevski,PF,21,OKC,14,10,22.9,3.9,8,0.491,1.4,3.4,0.417,2.5,4.6,0.547,0.58,0.5,0.9,0.538,1.5,3.7,5.2,1.6,0.7,1.9,1.5,1.7,9.8
340,Jordan Poole,SG,23,GSW,16,3,28.3,5.4,12.9,0.415,2.3,6.8,0.339,3.1,6.1,0.5,0.505,2.8,3.4,0.833,0.3,1.6,1.9,4.5,1.1,0.3,2.9,2.4,15.9
341,Kevin Porter Jr.,PG,22,HOU,15,15,34.9,6.5,15.9,0.41,1.8,5.3,0.338,4.7,10.6,0.447,0.467,4.2,5.7,0.733,1.5,4.7,6.1,5.8,1.3,0.5,4,2.9,19.1
342,Michael Porter Jr.,SF,24,DEN,14,14,28.6,5.9,12.9,0.461,3.2,7.1,0.45,2.7,5.7,0.475,0.586,1.4,1.6,0.87,1.1,4.8,5.9,1.4,0.6,0.2,1.1,2.8,16.5
343,Otto Porter Jr.,SF,29,TOR,8,2,18.3,1.9,3.8,0.5,0.8,2.1,0.353,1.1,1.6,0.692,0.6,1,1,1,0.8,1.6,2.4,1,1.4,0,0.5,0.9,5.5
344,Bobby Portis,PF,27,MIL,15,5,27.1,5.5,11.9,0.464,1.3,3.9,0.328,4.3,8.1,0.529,0.517,1.3,1.7,0.8,2.7,8.3,10.9,2.1,0.5,0.2,1,1.6,13.7
345,Kristaps Porzi??is,PF,27,WAS,15,15,31.9,7.1,14.9,0.48,2.3,5.9,0.386,4.9,9,0.541,0.556,4.4,5.5,0.795,2.2,6.6,8.8,2.7,0.8,1.4,1.7,3.3,20.9
346,Micah Potter,PF,24,UTA,2,0,6,1,1,1,0,0,0,1,1,1,1,0,0,0,0.5,1,1.5,0.5,0,0,0,1,2
347,Dwight Powell,C,31,DAL,12,8,18.3,2.3,3.7,0.636,0,0.1,0,2.3,3.6,0.651,0.636,1.3,1.8,0.762,1.8,1.8,3.5,0.7,0.6,0.3,0.8,2.3,6
348,Norman Powell,SG,29,LAC,17,5,24.9,4.5,10.2,0.443,1.3,4,0.324,3.2,6.2,0.519,0.506,2.4,3.1,0.774,0.3,2.2,2.5,1.4,0.9,0.2,1.7,1.8,12.8
349,Jason Preston,PG,23,LAC,1,0,3,0,1,0,0,1,0,0,0,0,0,0,2,0,0,0,0,0,0,0,0,0,0
350,Joshua Primo,SG,20,SAS,4,0,23.3,2.3,6.5,0.346,0.8,3,0.25,1.5,3.5,0.429,0.404,1.8,2.3,0.778,0.5,2.8,3.3,4.5,0.3,0.5,2.8,2,7
351,Taurean Prince,SF,28,MIN,16,0,19.4,2.9,5.7,0.505,1.3,3.1,0.408,1.6,2.6,0.619,0.615,1.2,1.4,0.864,0.4,2.1,2.5,1.2,0.3,0.2,0.9,2.4,8.2
352,Payton Pritchard,PG,25,BOS,9,0,11.4,2.2,4.7,0.476,1,2.4,0.409,1.2,2.2,0.55,0.583,0.2,0.4,0.5,0.9,1.1,2,1.3,0.6,0,1.1,0.6,5.7
353,Immanuel Quickley,PG,23,NYK,16,0,22.4,2.9,7.9,0.365,1.1,3.8,0.279,1.8,4.1,0.446,0.433,1.9,2.3,0.833,0.5,4.4,4.9,3.2,1.4,0.1,1.4,1.8,8.7
354,Julius Randle,PF,28,NYK,16,16,33,7.1,15.2,0.465,2.1,6.1,0.337,5,9.1,0.552,0.533,5.1,6.7,0.757,2.6,6.3,8.8,3.2,0.8,0.3,3.1,3.4,21.3
355,Austin Reaves,SG,24,LAL,14,5,27.6,2.8,5.6,0.494,1.1,2.9,0.375,1.7,2.8,0.615,0.589,2.4,2.6,0.892,0.7,2.6,3.3,1.9,0.4,0.4,1,1.3,9
356,Cam Reddish,SF,23,NYK,16,8,23.3,3.4,7.4,0.454,1,3.1,0.327,2.4,4.4,0.543,0.521,1.5,1.7,0.889,0.4,1.4,1.9,1,0.9,0.5,0.7,1.7,9.3
357,Davon Reed,SG,27,DEN,10,0,6.4,0.5,1.8,0.278,0.4,0.7,0.571,0.1,1.1,0.091,0.389,0.4,0.6,0.667,0.1,0.9,1,0.1,0.3,0,0.8,0.7,1.8
358,Paul Reed,C,23,PHI,13,0,8,0.4,1.2,0.313,0,0.2,0,0.4,1.1,0.357,0.313,0,0,0,0.5,1.7,2.2,0.3,1,0.4,0.2,2,0.8
359,Naz Reid,C,23,MIN,11,0,11.8,3.1,5.2,0.596,0.6,1.9,0.333,2.5,3.3,0.75,0.658,0.9,1.3,0.714,0.6,2,2.6,0.5,0.4,0.6,0.6,2,7.7
360,Nick Richards,C,25,CHO,17,0,19.6,3.6,5.8,0.626,0,0,0,3.6,5.8,0.626,0.626,2.4,3.2,0.745,3.1,3.2,6.3,0.7,0.1,0.9,0.8,2.2,9.7
361,Josh Richardson,SG,29,SAS,16,2,23.1,3.4,8.5,0.404,1.7,4.8,0.351,1.8,3.7,0.475,0.504,1.7,2,0.844,0.4,1.9,2.3,3.1,0.7,0.1,1.8,1.9,10.3
362,Austin Rivers,SG,30,MIN,7,0,6.3,0.3,1.3,0.222,0.1,0.7,0.2,0.1,0.6,0.25,0.278,0.6,0.6,1,0,0.6,0.6,0.3,0,0.1,0.1,0.1,1.3
363,Duncan Robinson,SF,28,MIA,15,0,17.4,2.1,6.2,0.344,1.4,4.6,0.304,0.7,1.6,0.458,0.457,0.6,0.7,0.9,0.3,2,2.3,1.4,0.1,0,0.6,1.7,6.3
364,Mitchell Robinson,C,24,NYK,8,8,21.8,2.9,4.1,0.697,0,0,0,2.9,4.1,0.697,0.697,0.8,1.8,0.429,3.5,2.9,6.4,1,0.4,2.3,0.6,3.6,6.5
365,Orlando Robinson,C,22,MIA,1,0,32,6,10,0.6,0,2,0,6,8,0.75,0.6,2,3,0.667,1,6,7,0,1,1,1,5,14
366,Jeremiah Robinson-Earl,PF,22,OKC,15,10,18.3,3.2,6,0.533,1.2,2.9,0.419,2,3.1,0.638,0.633,0.8,1.1,0.706,1.1,3.1,4.2,0.7,0.7,0.5,0.6,1.9,8.4
367,Isaiah Roby,PF,24,SAS,12,0,12.1,1.7,3.9,0.426,0.6,1.7,0.35,1.1,2.3,0.481,0.5,0.6,1.2,0.5,0.3,1.9,2.3,1.3,0.5,0.4,0.4,1.1,4.5
368,David Roddy,PF,21,MEM,16,0,17.5,2.1,5.6,0.371,0.8,3,0.25,1.3,2.6,0.512,0.438,0.6,0.8,0.692,0.9,1.8,2.6,0.6,0.4,0.3,0.6,1.4,5.4
369,Ryan Rollins,PG,20,GSW,5,0,4.2,0.8,1.6,0.5,0.4,0.6,0.667,0.4,1,0.4,0.625,0.4,0.4,1,0,0.6,0.6,0.4,0,0,1.4,1.2,2.4
370,Derrick Rose,PG,34,NYK,16,0,13.6,2.6,6.5,0.404,0.9,2.6,0.366,1.7,3.9,0.429,0.476,0.6,0.6,1,0.3,1.3,1.6,2.3,0.3,0.3,1,0.6,6.8
371,Terrence Ross,SG,31,ORL,16,8,26,3.4,8.1,0.423,1.7,4.3,0.391,1.8,3.8,0.459,0.527,0.6,0.8,0.75,0.4,2.1,2.5,1.4,0.6,0.2,1.3,2,9.1
372,Terry Rozier,PG,28,CHO,10,10,36.7,8.2,21.6,0.38,3.2,9.8,0.327,5,11.8,0.424,0.454,1.9,2.2,0.864,1.5,3.3,4.8,5.4,0.6,0.3,2.6,1.8,21.5
373,D'Angelo Russell,PG,26,MIN,16,16,30.4,5.3,12.5,0.42,1.9,5.9,0.33,3.3,6.6,0.5,0.498,2.1,2.8,0.75,0.7,2.6,3.3,6.3,1.3,0.6,2.9,1.8,14.5
374,Matt Ryan,SF,25,LAL,10,0,12.2,1.5,4.4,0.341,1.3,3.1,0.419,0.2,1.3,0.154,0.489,0.4,0.5,0.8,0.2,1.1,1.3,0.3,0.2,0,0.3,1.4,4.7
375,Domantas Sabonis,PF,26,SAC,14,14,31.7,6.3,10.8,0.583,0.3,1.1,0.267,6,9.7,0.618,0.596,4.9,6.5,0.747,2.3,8.5,10.8,5.9,0.9,0.5,2.3,3.9,17.7
376,Dario Šari?,PF,28,PHO,8,0,9.4,1,3.3,0.308,0.3,1.3,0.2,0.8,2,0.375,0.346,0.4,0.5,0.75,1.4,1.9,3.3,0.9,0.4,0,0.5,1.4,2.6
377,Jordan Schakel,SF,24,WAS,2,0,3,0.5,1,0.5,0.5,0.5,1,0,0.5,0,0.75,0,0,0,0,0,0,0.5,0.5,0,0,0.5,1.5
378,Admiral Schofield,PF,25,ORL,8,0,7.9,0.9,2,0.438,0.3,1.1,0.222,0.6,0.9,0.714,0.5,0,0,0,0.3,0.9,1.1,0.5,0.1,0,0.1,1.6,2
379,Dennis Schröder,PG,29,LAL,1,0,15,1,5,0.2,0,1,0,1,4,0.25,0.2,0,0,0,0,0,0,2,0,0,1,2,2
380,Dereon Seabron,SG,22,NOP,2,0,1.5,0,0,0,0,0,0,0,0,0,0,0,0,0,0,0,0,0,0,0,0,0,0
381,Alperen Þengün,C,20,HOU,14,11,26.6,5.6,10.4,0.545,0.3,1.1,0.25,5.4,9.2,0.581,0.559,4,5.1,0.789,3.5,5.1,8.6,2,0.6,1.1,2.1,3.4,15.6
382,Collin Sexton,SG,24,UTA,18,1,21.7,4.4,9.4,0.465,1,2.7,0.367,3.4,6.7,0.504,0.518,3.3,4.1,0.808,0.8,1.7,2.6,1.9,0.7,0.1,1.6,2.1,13.1
383,Landry Shamet,SG,25,PHO,9,0,16.2,2.2,5.6,0.4,1.3,3.7,0.364,0.9,1.9,0.471,0.52,1.2,1.4,0.846,0.2,0.4,0.7,1.2,0.6,0.1,0.9,1.3,7
384,Day'Ron Sharpe,C,21,BRK,11,0,9.2,1,2.3,0.44,0.1,0.2,0.5,0.9,2.1,0.435,0.46,0.7,1.1,0.667,0.9,2.3,3.2,0.8,0.3,0.5,0.7,2,2.8
385,Shaedon Sharpe,SG,19,POR,15,4,21.1,3.9,7.3,0.532,1.2,2.5,0.474,2.7,4.7,0.563,0.615,0.7,1,0.733,0.7,1.8,2.5,0.4,0.3,0.3,0.7,1.9,9.7
386,Pascal Siakam,C,28,TOR,9,9,35.7,8.9,18.6,0.479,1.4,4.2,0.342,7.4,14.3,0.519,0.518,5.6,7.7,0.725,1.8,7.6,9.3,7.7,0.9,0.6,2.7,3.1,24.8
387,Ben Simmons,PG,26,BRK,11,6,27.1,2.8,5.3,0.534,0,0.1,0,2.8,5.2,0.544,0.534,1,1.9,0.524,1,5.7,6.7,5.7,1,0.5,2.1,3.9,6.6
388,Marko Simonovic,C,23,CHI,1,0,2,0,1,0,0,1,0,0,0,0,0,0,0,0,0,0,0,0,0,0,0,0,0
389,Anfernee Simons,SG,23,POR,14,14,35.5,7.6,18.4,0.416,3.9,10.5,0.374,3.7,7.9,0.473,0.523,3.3,3.8,0.868,0.4,2.8,3.2,4,1.1,0.2,2.1,2.2,22.5
390,Jericho Sims,C,24,NYK,11,2,14.4,2,2.5,0.786,0,0,0,2,2.5,0.786,0.786,0.4,0.5,0.8,2.2,2.6,4.8,0.5,0.5,1,0.4,2.1,4.4
391,Marcus Smart,PG,28,BOS,14,14,32.7,4.1,9.7,0.419,1.5,5.1,0.292,2.6,4.6,0.563,0.496,1.7,2.1,0.828,0.3,2.9,3.2,7.1,1.1,0.3,1.6,3.1,11.4
392,Dennis Smith Jr.,PG,25,CHO,13,11,29.5,4.5,9.6,0.464,0.8,2.2,0.357,3.7,7.5,0.495,0.504,0.5,0.8,0.545,0.7,2.9,3.6,6.2,1.9,0.6,1.6,2.5,10.2
393,Dru Smith,SG,25,MIA,1,0,6,1,3,0.333,0,2,0,1,1,1,0.333,0,0,0,0,1,1,0,1,0,0,1,2
394,Ish Smith,PG,34,DEN,5,0,4.6,0.4,1.6,0.25,0,0.2,0,0.4,1.4,0.286,0.25,0,0,0,0,0.4,0.4,0.4,0,0.2,0.8,0.8,0.8
395,Jabari Smith Jr.,PF,19,HOU,15,15,30.1,3.3,10.7,0.313,1.7,5.8,0.299,1.6,4.9,0.329,0.394,1.8,2.1,0.844,1.4,5.5,6.9,0.8,0.3,1.1,1.1,3.7,10.2
396,Jalen Smith,PF,22,IND,15,15,24.4,4.3,9.9,0.432,1.1,4.1,0.279,3.1,5.8,0.54,0.49,1.5,2.1,0.688,1.9,6.1,8.1,1.2,0.2,0.9,1.5,2.2,11.1
397,Jeremy Sochan,PF,19,SAS,16,16,24.8,3.3,6.8,0.477,0.4,2.3,0.167,2.9,4.6,0.63,0.505,0.6,0.8,0.692,1.1,2.9,4,1.9,0.8,0.6,1.6,2.6,7.4
398,Jaden Springer,PG,20,PHI,2,0,2,1,1.5,0.667,0,0,0,1,1.5,0.667,0.667,0.5,1,0.5,0.5,0.5,1,0,0,0.5,0,0.5,2.5
399,Lamar Stevens,PF,25,CLE,6,3,19.3,1.8,5,0.367,0.3,1.2,0.286,1.5,3.8,0.391,0.4,1.7,2,0.833,1,1.7,2.7,0.3,0,1,0.2,2,5.7
400,Isaiah Stewart,C,21,DET,15,15,27,3.8,8,0.475,1.2,3.6,0.333,2.6,4.4,0.591,0.55,3.2,4.3,0.738,2.9,6.5,9.3,1.3,0.5,0.7,1.1,3,12
401,Max Strus,SF,26,MIA,16,9,33.8,5.6,12.5,0.445,3,8.3,0.361,2.6,4.2,0.612,0.565,1.4,1.6,0.88,0.6,3.3,3.9,1.8,0.8,0.4,1.1,2.3,15.5
402,Jalen Suggs,PG,21,ORL,12,11,30.2,5,11.7,0.429,1.6,5.2,0.306,3.4,6.5,0.526,0.496,1.8,2.8,0.667,1.2,2.4,3.6,5.7,1.5,0.7,3.6,3.5,13.4
403,Edmond Sumner,SG,27,BRK,14,8,16.8,2.6,6,0.429,0.7,2.4,0.294,1.9,3.6,0.52,0.488,2.1,2.2,0.968,0.3,1.4,1.6,1.4,1,0.3,1.3,1.4,8
404,Cole Swider,SF,23,LAL,1,0,2,0,1,0,0,1,0,0,0,0,0,0,0,0,0,1,1,1,0,0,0,0,0
405,Jae'Sean Tate,SF,27,HOU,3,2,22.7,3.3,6.7,0.5,0.7,1.7,0.4,2.7,5,0.533,0.55,1,1.3,0.75,2.7,1.7,4.3,3.3,1,0,1.7,5,8.3
406,Jayson Tatum,PF,24,BOS,16,16,37.3,9.8,20.6,0.473,3.4,9.6,0.353,6.4,11.1,0.576,0.555,7.4,8.6,0.869,0.8,6.6,7.4,4.5,0.9,1.3,2.4,2.1,30.3
407,Terry Taylor,SG,23,IND,9,2,11.1,0.9,2.4,0.364,0.2,0.9,0.25,0.7,1.6,0.429,0.409,0.4,0.6,0.8,0.8,1.1,1.9,0.6,0.2,0.4,0.2,1,2.4
408,Garrett Temple,SG,36,NOP,2,0,10.5,1,2,0.5,1,2,0.5,0,0,0,0.75,0,0,0,0,0.5,0.5,0.5,0.5,0,0,1,3
409,Dalen Terry,SG,20,CHI,9,0,3.2,0.3,1.1,0.3,0.1,0.3,0.333,0.2,0.8,0.286,0.35,0.3,0.4,0.75,0,0.2,0.2,0.6,0.1,0.2,0.4,0.2,1.1
410,Cam Thomas,SG,21,BRK,11,0,18.4,2.6,6.8,0.387,0.5,1.5,0.353,2.1,5.3,0.397,0.427,2.9,3.5,0.842,0.1,1.5,1.6,2.1,0.7,0.2,1,0.9,8.7
411,Klay Thompson,SG,32,GSW,13,13,28.8,5.6,15.5,0.363,3.2,9.6,0.336,2.4,5.8,0.408,0.468,1,1.2,0.813,0.3,3.2,3.5,2.4,0.5,0.4,1.7,2,15.5
412,JT Thor,PF,20,CHO,14,0,10.4,0.9,2.7,0.316,0.3,1.4,0.2,0.6,1.3,0.444,0.368,0.5,0.6,0.778,0.6,1.5,2.1,0.6,0.2,0.4,0.6,0.6,2.5
413,Matisse Thybulle,SG,25,PHI,15,3,11.9,0.5,1.9,0.286,0.2,1.1,0.176,0.3,0.7,0.455,0.339,0.1,0.2,0.333,0.3,1.1,1.3,0.5,0.9,0.3,0.1,1.2,1.3
414,Xavier Tillman Sr.,PF,24,MEM,8,0,11.4,1.5,2.9,0.522,0.1,0.5,0.25,1.4,2.4,0.579,0.543,0.4,1.1,0.333,1.4,1.5,2.9,0.8,0,0.3,0.9,1,3.5
415,Isaiah Todd,PF,21,WAS,3,0,3,0.3,1,0.333,0,0.7,0,0.3,0.3,1,0.333,0,0,0,0,0,0,0,0,0,0,0,0.7
416,Obi Toppin,PF,24,NYK,16,0,18.2,3.5,7.6,0.463,1.6,4.2,0.388,1.9,3.4,0.556,0.57,0.6,0.7,0.909,0.8,3.3,4.1,1.1,0.5,0.3,1,1,9.3
417,Juan Toscano-Anderson,SF,29,LAL,10,0,12.3,1,2.5,0.4,0.2,1.1,0.182,0.8,1.4,0.571,0.44,0.4,0.5,0.8,0.1,2,2.1,0.5,0.3,0.3,0.8,1.7,2.6
418,Karl-Anthony Towns,PF,27,MIN,16,16,34.3,7.6,14.7,0.515,2.1,5.7,0.363,5.5,9,0.611,0.585,4.1,4.5,0.903,1.8,7.2,8.9,5.1,0.7,0.6,2.9,3.8,21.3
419,Gary Trent Jr.,SG,24,TOR,14,14,32,5.8,13.9,0.415,2.2,6.8,0.326,3.6,7.1,0.5,0.495,2.8,3.6,0.78,0.7,1.2,1.9,1.4,1.4,0.2,1,1.3,16.6
420,P.J. Tucker,PF,37,PHI,16,16,28.9,1.7,3.1,0.551,0.7,1.6,0.44,1,1.5,0.667,0.663,0.2,0.3,0.75,1.2,3.2,4.4,0.9,0.6,0.4,1.2,2.7,4.3
421,Myles Turner,C,26,IND,10,10,28.9,5.8,10.6,0.547,1.2,3,0.4,4.6,7.6,0.605,0.604,5.4,6.5,0.831,1.9,7,8.9,1.4,0.4,3,1.9,3.7,18.2
422,Jonas Valan?i?nas,C,30,NOP,16,16,23.6,4.9,9.6,0.516,0.5,1.3,0.4,4.4,8.3,0.534,0.542,3,3.6,0.842,2.9,6.1,9.1,2.1,0.4,0.3,1.6,2.4,13.4
423,Jarred Vanderbilt,PF,23,UTA,16,16,25.2,3.4,5.9,0.568,0.4,1.2,0.368,2.9,4.8,0.618,0.605,0.8,1.3,0.571,2.5,6,8.5,2.8,1.1,0.3,1.7,3.6,7.9
424,Fred VanVleet,PG,28,TOR,12,12,37.4,5.9,15.5,0.382,3.3,8.7,0.375,2.7,6.8,0.39,0.487,3.4,4,0.854,0.6,2.8,3.3,6.8,1.9,0.6,1.6,2.7,18.5
425,Devin Vassell,SG,22,SAS,12,10,31.8,7.6,16.2,0.469,3.2,7.5,0.422,4.4,8.7,0.51,0.567,2.1,2.8,0.758,0.1,3.8,3.8,3.3,0.8,0.5,1.6,1.3,20.4
426,Gabe Vincent,PG,26,MIA,15,0,26.3,3.6,8.7,0.415,1.6,4.9,0.324,2,3.7,0.536,0.508,1.4,1.7,0.84,0.3,2,2.3,3.1,0.9,0.1,1.5,2.7,10.2
427,Noah Vonleh,C,27,BOS,12,1,10.6,0.8,1.6,0.526,0.1,0.2,0.5,0.8,1.4,0.529,0.553,0.2,0.2,1,1.3,1.7,3,0.3,0.2,0.5,0.8,2.3,1.9
428,Nikola Vu?evi?,C,32,CHI,16,16,31.2,5.9,12.8,0.463,1.6,4.3,0.382,4.3,8.6,0.504,0.527,2.3,2.6,0.878,2.6,9.1,11.7,2.9,0.3,0.9,2.3,2.4,15.8
429,Dean Wade,PF,26,CLE,11,4,22.8,2.5,4.6,0.529,1.6,3.3,0.5,0.8,1.4,0.6,0.706,0.7,1,0.727,0.5,2.8,3.3,1,0.5,0.4,0.4,2.5,7.3
430,Franz Wagner,SF,21,ORL,17,17,33.9,7.4,15.1,0.492,1.2,3.9,0.318,6.2,11.2,0.553,0.533,3.2,3.7,0.873,0.9,3.3,4.2,4.5,0.8,0.3,2.7,2.5,19.3
431,Ish Wainright,SF,28,PHO,1,0,1,1,2,0.5,1,2,0.5,0,0,0,0.75,0,0,0,0,0,0,0,0,0,0,0,3
432,Jabari Walker,SF,20,POR,8,0,9,1.1,2.1,0.529,0.1,0.6,0.2,1,1.5,0.667,0.559,0.5,0.8,0.667,0.6,1.9,2.5,1,0.1,0.1,0.3,0.8,2.9
433,Lonnie Walker IV,SG,24,LAL,12,12,31.3,6.2,13.1,0.471,1.8,5,0.35,4.4,8.1,0.546,0.538,2.5,3,0.833,0.4,1.9,2.3,1.8,1,0.6,1.2,2.1,16.6
434,John Wall,PG,32,LAC,13,0,22.2,4.5,10.5,0.426,0.8,3.5,0.244,3.6,7,0.516,0.467,1.8,3.2,0.585,0.3,2.3,2.6,5.7,1.2,0.2,1.9,1.8,11.6
435,Duane Washington Jr.,SG,22,PHO,8,0,7.8,2,4.9,0.41,0.9,2.8,0.318,1.1,2.1,0.529,0.5,0,0.3,0,0,0.4,0.4,0.9,0,0,0.3,0.1,4.9
436,P.J. Washington,PF,24,CHO,17,17,32.6,5.9,13.6,0.433,1.8,5.5,0.319,4.1,8.1,0.511,0.498,2.4,2.9,0.816,1.2,3.6,4.8,2,0.8,0.9,1.7,2.8,15.9
437,TyTy Washington Jr.,PG,21,HOU,1,0,4,0,0,0,0,0,0,0,0,0,0,1,2,0.5,0,0,0,0,0,0,0,0,1
438,Yuta Watanabe,SF,28,BRK,13,0,17.7,2.8,4.6,0.6,1.5,2.8,0.556,1.2,1.8,0.667,0.767,0.5,0.7,0.667,0.8,2.2,2.9,0.8,0.2,0.5,0.3,1.1,7.5
439,Lindy Waters III,SG,25,OKC,4,0,15.3,1.8,5.5,0.318,1.5,5.3,0.286,0.3,0.3,1,0.455,0,0,0,0.5,2,2.5,0.5,0.8,0,0,1,5
440,Trendon Watford,PF,22,POR,7,0,15.3,1.4,3,0.476,0,0.6,0,1.4,2.4,0.588,0.476,1.3,1.4,0.9,0.4,2.1,2.6,2,0.9,0,1.1,2.1,4.1
441,Peyton Watson,SG,20,DEN,5,0,2.6,0.6,1.8,0.333,0,0.2,0,0.6,1.6,0.375,0.333,0,0,0,0.4,0.2,0.6,0,0,0,0,0.2,1.2
442,Blake Wesley,SG,19,SAS,2,0,11.5,3,4.5,0.667,1,1.5,0.667,2,3,0.667,0.778,1,2,0.5,0.5,0.5,1,2,0,0,1,1.5,8
443,Russell Westbrook,PG,34,LAL,13,3,29.4,5.5,13.7,0.404,1.4,4.2,0.327,4.2,9.5,0.439,0.455,3.4,4.2,0.8,1.2,4.3,5.5,7.5,1.1,0.4,3.8,2.6,15.8
444,Coby White,PG,22,CHI,8,0,19.6,2.6,7,0.375,1.3,4.4,0.286,1.4,2.6,0.524,0.464,0.6,1.1,0.556,0.1,1.5,1.6,1.8,0.6,0,0.9,1.9,7.1
445,Derrick White,SG,28,BOS,16,12,26.6,3.6,7.6,0.471,1.8,3.9,0.452,1.8,3.7,0.492,0.587,1.6,1.8,0.893,0.6,2.8,3.3,3.4,0.8,0.9,0.7,2.6,10.4
446,Jack White,SF,25,DEN,3,0,2.7,0,0.7,0,0,0,0,0,0.7,0,0,0,0,0,0.7,0.3,1,0,0.3,0,0,0,0
447,Aaron Wiggins,SG,24,OKC,13,5,21.2,2.3,5,0.462,0.8,1.9,0.4,1.5,3.1,0.5,0.538,0.8,1.1,0.786,0.9,3.1,4,2,0.5,0.3,0.8,1.8,6.2
448,Andrew Wiggins,SF,27,GSW,15,15,33.1,7,14.2,0.493,2.5,6.3,0.404,4.5,7.9,0.563,0.582,1.6,2.3,0.686,1.6,4,5.6,2.3,1.2,0.9,1.4,3,18.1
449,Grant Williams,PF,24,BOS,15,7,28.7,3.5,6,0.578,1.8,3.7,0.482,1.7,2.3,0.735,0.728,1.3,1.6,0.833,0.7,4,4.7,1.7,0.6,0.5,0.9,2.7,10.1
450,Jalen Williams,SG,21,OKC,12,4,24.1,3.9,7.5,0.522,0.8,2.5,0.3,3.2,5,0.633,0.572,0.6,0.7,0.875,0.4,2.5,2.9,3.1,0.9,0.3,1.4,2.7,9.2
451,Jaylin Williams,PF,20,OKC,5,0,7,1,2.2,0.455,0,0.4,0,1,1.8,0.556,0.455,0.8,1.2,0.667,1,1,2,0.6,0.2,0,0.4,1.2,2.8
452,Kenrich Williams,PF,28,OKC,15,2,20.2,2.6,5.3,0.494,0.6,1.7,0.346,2,3.5,0.566,0.551,0.2,0.6,0.333,1.7,2.3,3.9,1.5,0.7,0.2,0.4,1.9,6
453,Mark Williams,C,21,CHO,3,0,4.3,1.3,2.3,0.571,0,0,0,1.3,2.3,0.571,0.571,1,1,1,1.3,1.3,2.7,0,0,0,0.7,1,3.7
454,Patrick Williams,PF,21,CHI,16,16,25.5,3.5,7.4,0.471,1.1,2.9,0.391,2.4,4.6,0.521,0.546,1.1,1.1,0.944,1.2,2.8,3.9,0.8,0.8,1,1.5,1.8,9.2
455,Vince Williams Jr.,SG,22,MEM,3,0,6,0.3,2,0.167,0,1.7,0,0.3,0.3,1,0.167,0,0,0,0.3,0.7,1,0.7,0.7,0.3,0,1.3,0.7
456,Zion Williamson,PF,22,NOP,11,11,32.2,9,15.9,0.566,0.3,0.5,0.5,8.7,15.4,0.568,0.574,5.3,7.4,0.716,2.1,4.3,6.4,3.9,1.1,0.3,2.7,2.7,23.5
457,Justise Winslow,SF,26,POR,13,4,26.8,2.8,7.2,0.383,0.4,1.6,0.238,2.4,5.6,0.425,0.41,1,1.5,0.65,1.5,3.2,4.8,3.6,1.2,0.5,1.5,2.9,6.9
458,James Wiseman,C,21,GSW,11,0,13.4,2.7,4.6,0.588,0,0,0,2.7,4.6,0.588,0.588,1.4,2.1,0.652,1,2.8,3.8,1,0.1,0.4,0.7,2.4,6.8
459,Christian Wood,PF,27,DAL,13,0,25.2,6.5,11.3,0.571,1.5,3.4,0.432,5,7.9,0.631,0.636,3.2,4.5,0.695,1.2,6.3,7.5,0.9,0.5,0.5,2.4,2.8,17.5
460,Delon Wright,PG,30,WAS,4,0,22.8,2.5,6,0.417,0.8,3,0.25,1.8,3,0.583,0.479,0.8,1.3,0.6,1,1.5,2.5,3.3,2.8,1,1,1.3,6.5
461,McKinley Wright IV,PG,24,DAL,1,0,5,1,4,0.25,0,1,0,1,3,0.333,0.25,0,0,0,1,1,2,2,1,0,0,0,2
462,Thaddeus Young,PF,34,TOR,14,4,16.4,2.3,4.1,0.561,0.1,0.8,0.091,2.2,3.3,0.674,0.57,0.6,0.7,0.8,1.8,2,3.8,1.6,1.1,0.1,0.6,1.6,5.2
463,Trae Young,PG,24,ATL,15,15,35.2,8.8,22.3,0.394,2.3,7.2,0.315,6.5,15.1,0.432,0.445,7.5,8.3,0.896,0.9,2.4,3.3,9.5,0.9,0.2,3.3,1.4,27.3
464,Ivica Zubac,C,25,LAC,17,17,30.6,3.6,6.4,0.574,0,0.1,0,3.6,6.3,0.579,0.574,2.2,3.5,0.633,2.9,8.2,11.1,1.4,0.5,1.9,2.2,3.1,9.5